var data = { { "type": "Feature", "properties": { "participant # overall": "2021-1", "participant by year": "2021-1", "acreage": 0.1722, "latitude": 35.124503, "longitude": -106.679431 }, "geometry": { "type": "Point", "coordinates": [ -106.679431, 35.124503 ] } }
{ "type": "Feature", "properties": { "participant # overall": "2021-2", "participant by year": "2021-2", "acreage": 0.0, "latitude": 35.071342, "longitude": -106.616803 }, "geometry": { "type": "Point", "coordinates": [ -106.616803, 35.071342 ] } }
{ "type": "Feature", "properties": { "participant # overall": "2021-3", "participant by year": "2021-3", "acreage": 0.0344, "latitude": 35.071348, "longitude": -106.616849 }, "geometry": { "type": "Point", "coordinates": [ -106.616849, 35.071348 ] } }
{ "type": "Feature", "properties": { "participant # overall": "2021-4", "participant by year": "2021-4", "acreage": 0.0, "latitude": 35.102245, "longitude": -106.665974 }, "geometry": { "type": "Point", "coordinates": [ -106.665974, 35.102245 ] } }
{ "type": "Feature", "properties": { "participant # overall": "2021-5", "participant by year": "2021-5", "acreage": 0.1148, "latitude": 35.1243512, "longitude": -106.50768 }, "geometry": { "type": "Point", "coordinates": [ -106.50768, 35.1243512 ] } }
{ "type": "Feature", "properties": { "participant # overall": "2021-6", "participant by year": "2021-6", "acreage": 0.0275, "latitude": 35.102245, "longitude": -106.665974 }, "geometry": { "type": "Point", "coordinates": [ -106.665974, 35.102245 ] } }
{ "type": "Feature", "properties": { "participant # overall": "2021-7", "participant by year": "2021-7", "acreage": 0.0574, "latitude": 35.0995005, "longitude": -106.6761211 }, "geometry": { "type": "Point", "coordinates": [ -106.6761211, 35.0995005 ] } }
{ "type": "Feature", "properties": { "participant # overall": "2021-8", "participant by year": "2021-8", "acreage": 0.9986, "latitude": 35.1175268, "longitude": -106.6669887 }, "geometry": { "type": "Point", "coordinates": [ -106.6669887, 35.1175268 ] } }
{ "type": "Feature", "properties": { "participant # overall": "2021-9", "participant by year": "2021-9", "acreage": 0.0344, "latitude": 35.09949, "longitude": -106.67395 }, "geometry": { "type": "Point", "coordinates": [ -106.67395, 35.09949 ] } }
{ "type": "Feature", "properties": { "participant # overall": "2021-10", "participant by year": "2021-10", "acreage": 0.7117, "latitude": 35.0997491, "longitude": -106.4923351 }, "geometry": { "type": "Point", "coordinates": [ -106.4923351, 35.0997491 ] } }
{ "type": "Feature", "properties": { "participant # overall": "2021-11", "participant by year": "2021-11", "acreage": 0.0034, "latitude": 35.0708565, "longitude": -106.590646 }, "geometry": { "type": "Point", "coordinates": [ -106.590646, 35.0708565 ] } }
{ "type": "Feature", "properties": { "participant # overall": "2021-12", "participant by year": "2021-12", "acreage": 0.1148, "latitude": 35.2400722, "longitude": -106.6270133 }, "geometry": { "type": "Point", "coordinates": [ -106.6270133, 35.2400722 ] } }
{ "type": "Feature", "properties": { "participant # overall": "2021-13", "participant by year": "2021-13", "acreage": 0.1148, "latitude": 35.1485815, "longitude": -106.4857081 }, "geometry": { "type": "Point", "coordinates": [ -106.4857081, 35.1485815 ] } }
{ "type": "Feature", "properties": { "participant # overall": "2021-14", "participant by year": "2021-14", "acreage": 0.9986, "latitude": 35.1140227, "longitude": -106.5450408 }, "geometry": { "type": "Point", "coordinates": [ -106.5450408, 35.1140227 ] } }
{ "type": "Feature", "properties": { "participant # overall": "2021-15", "participant by year": "2021-15", "acreage": 0.5051, "latitude": 35.148608, "longitude": -106.483515 }, "geometry": { "type": "Point", "coordinates": [ -106.483515, 35.148608 ] } }
{ "type": "Feature", "properties": { "participant # overall": "2021-16", "participant by year": "2021-16", "acreage": 0.1148, "latitude": 35.114023, "longitude": -106.545041 }, "geometry": { "type": "Point", "coordinates": [ -106.545041, 35.114023 ] } }
{ "type": "Feature", "properties": { "participant # overall": "2021-17", "participant by year": "2021-17", "acreage": 0.5051, "latitude": 35.112853, "longitude": -106.669574 }, "geometry": { "type": "Point", "coordinates": [ -106.669574, 35.112853 ] } }
{ "type": "Feature", "properties": { "participant # overall": "2021-18", "participant by year": "2021-18", "acreage": 0.2525, "latitude": 35.1239863, "longitude": -106.6673981 }, "geometry": { "type": "Point", "coordinates": [ -106.6673981, 35.1239863 ] } }
{ "type": "Feature", "properties": { "participant # overall": "2021-19", "participant by year": "2021-19", "acreage": 0.2525, "latitude": 35.0907391, "longitude": -106.5755811 }, "geometry": { "type": "Point", "coordinates": [ -106.5755811, 35.0907391 ] } }
{ "type": "Feature", "properties": { "participant # overall": "2021-20", "participant by year": "2021-20", "acreage": 0.0574, "latitude": 35.1263628, "longitude": -106.6536591 }, "geometry": { "type": "Point", "coordinates": [ -106.6536591, 35.1263628 ] } }
{ "type": "Feature", "properties": { "participant # overall": "2021-21", "participant by year": "2021-21", "acreage": 0.2525, "latitude": 35.1240001, "longitude": -106.6878942 }, "geometry": { "type": "Point", "coordinates": [ -106.6878942, 35.1240001 ] } }
{ "type": "Feature", "properties": { "participant # overall": "2021-22", "participant by year": "2021-22", "acreage": 0.1148, "latitude": 35.122881, "longitude": -106.6792827 }, "geometry": { "type": "Point", "coordinates": [ -106.6792827, 35.122881 ] } }
{ "type": "Feature", "properties": { "participant # overall": "2021-23", "participant by year": "2021-23", "acreage": 0.1722, "latitude": 35.0947424, "longitude": -106.4912832 }, "geometry": { "type": "Point", "coordinates": [ -106.4912832, 35.0947424 ] } }
{ "type": "Feature", "properties": { "participant # overall": "2021-24", "participant by year": "2021-24", "acreage": 0.1722, "latitude": 35.1653597, "longitude": -106.3148341 }, "geometry": { "type": "Point", "coordinates": [ -106.3148341, 35.1653597 ] } }
{ "type": "Feature", "properties": { "participant # overall": "2021-25", "participant by year": "2021-25", "acreage": 0.1148, "latitude": 35.0807289, "longitude": -106.6433618 }, "geometry": { "type": "Point", "coordinates": [ -106.6433618, 35.0807289 ] } }
{ "type": "Feature", "properties": { "participant # overall": "2021-26", "participant by year": "2021-26", "acreage": 0.5051, "latitude": 35.1121369, "longitude": -106.5080665 }, "geometry": { "type": "Point", "coordinates": [ -106.5080665, 35.1121369 ] } }
{ "type": "Feature", "properties": { "participant # overall": "2021-27", "participant by year": "2021-27", "acreage": 0.0574, "latitude": 35.1216461, "longitude": -106.5766859 }, "geometry": { "type": "Point", "coordinates": [ -106.5766859, 35.1216461 ] } }
{ "type": "Feature", "properties": { "participant # overall": "2021-28", "participant by year": "2021-28", "acreage": 0.1148, "latitude": 35.125945, "longitude": -106.504324 }, "geometry": { "type": "Point", "coordinates": [ -106.504324, 35.125945 ] } }
{ "type": "Feature", "properties": { "participant # overall": "2021-29", "participant by year": "2021-29", "acreage": 0.5051, "latitude": 35.0689317, "longitude": -106.6251198 }, "geometry": { "type": "Point", "coordinates": [ -106.6251198, 35.0689317 ] } }
{ "type": "Feature", "properties": { "participant # overall": "2021-30", "participant by year": "2021-30", "acreage": 0.1722, "latitude": 35.1535848, "longitude": -106.6353889 }, "geometry": { "type": "Point", "coordinates": [ -106.6353889, 35.1535848 ] } }
{ "type": "Feature", "properties": { "participant # overall": "2021-31", "participant by year": "2021-31", "acreage": 0.2525, "latitude": 35.096418, "longitude": -106.590873 }, "geometry": { "type": "Point", "coordinates": [ -106.590873, 35.096418 ] } }
{ "type": "Feature", "properties": { "participant # overall": "2021-32", "participant by year": "2021-32", "acreage": 0.5051, "latitude": 35.0688934, "longitude": -106.4472619 }, "geometry": { "type": "Point", "coordinates": [ -106.4472619, 35.0688934 ] } }
{ "type": "Feature", "properties": { "participant # overall": "2021-33", "participant by year": "2021-33", "acreage": 0.0574, "latitude": 35.150559, "longitude": -106.656002 }, "geometry": { "type": "Point", "coordinates": [ -106.656002, 35.150559 ] } }
{ "type": "Feature", "properties": { "participant # overall": "2021-34", "participant by year": "2021-34", "acreage": 0.5051, "latitude": 35.2249018, "longitude": -106.609653 }, "geometry": { "type": "Point", "coordinates": [ -106.609653, 35.2249018 ] } }
{ "type": "Feature", "properties": { "participant # overall": "2021-35", "participant by year": "2021-35", "acreage": 0.2525, "latitude": 35.0595138, "longitude": -106.5955239 }, "geometry": { "type": "Point", "coordinates": [ -106.5955239, 35.0595138 ] } }
{ "type": "Feature", "properties": { "participant # overall": "2021-36", "participant by year": "2021-36", "acreage": 0.1148, "latitude": 35.2211313, "longitude": -106.613613 }, "geometry": { "type": "Point", "coordinates": [ -106.613613, 35.2211313 ] } }
{ "type": "Feature", "properties": { "participant # overall": "2021-37", "participant by year": "2021-37", "acreage": 0.2525, "latitude": 35.1078429, "longitude": -106.680677 }, "geometry": { "type": "Point", "coordinates": [ -106.680677, 35.1078429 ] } }
{ "type": "Feature", "properties": { "participant # overall": "2021-38", "participant by year": "2021-38", "acreage": 1.1478, "latitude": 35.109253, "longitude": -106.3297873 }, "geometry": { "type": "Point", "coordinates": [ -106.3297873, 35.109253 ] } }
{ "type": "Feature", "properties": { "participant # overall": "2021-39", "participant by year": "2021-39", "acreage": 0.0344, "latitude": 35.130093, "longitude": -106.7194561 }, "geometry": { "type": "Point", "coordinates": [ -106.7194561, 35.130093 ] } }
{ "type": "Feature", "properties": { "participant # overall": "2021-40", "participant by year": "2021-40", "acreage": 0.9986, "latitude": 35.1564237, "longitude": -106.7069207 }, "geometry": { "type": "Point", "coordinates": [ -106.7069207, 35.1564237 ] } }
{ "type": "Feature", "properties": { "participant # overall": "2021-41", "participant by year": "2021-41", "acreage": 0.0115, "latitude": 35.0975349, "longitude": -106.680162 }, "geometry": { "type": "Point", "coordinates": [ -106.680162, 35.0975349 ] } }
{ "type": "Feature", "properties": { "participant # overall": "2021-42", "participant by year": "2021-42", "acreage": 0.0344, "latitude": 35.0964901, "longitude": -106.5733252 }, "geometry": { "type": "Point", "coordinates": [ -106.5733252, 35.0964901 ] } }
{ "type": "Feature", "properties": { "participant # overall": "2021-43", "participant by year": "2021-43", "acreage": 0.2525, "latitude": 35.0994369, "longitude": -106.5149788 }, "geometry": { "type": "Point", "coordinates": [ -106.5149788, 35.0994369 ] } }
{ "type": "Feature", "properties": { "participant # overall": "2021-44", "participant by year": "2021-44", "acreage": 0.2525, "latitude": 35.1495659, "longitude": -106.5150907 }, "geometry": { "type": "Point", "coordinates": [ -106.5150907, 35.1495659 ] } }
{ "type": "Feature", "properties": { "participant # overall": "2021-45", "participant by year": "2021-45", "acreage": 0.1722, "latitude": 35.1458419, "longitude": -106.5079491 }, "geometry": { "type": "Point", "coordinates": [ -106.5079491, 35.1458419 ] } }
{ "type": "Feature", "properties": { "participant # overall": "2021-46", "participant by year": "2021-46", "acreage": 0.0344, "latitude": 35.1090686, "longitude": -106.6763841 }, "geometry": { "type": "Point", "coordinates": [ -106.6763841, 35.1090686 ] } }
{ "type": "Feature", "properties": { "participant # overall": "2021-47", "participant by year": "2021-47", "acreage": 0.0574, "latitude": 35.0595455, "longitude": -106.5252659 }, "geometry": { "type": "Point", "coordinates": [ -106.5252659, 35.0595455 ] } }
{ "type": "Feature", "properties": { "participant # overall": "2021-48", "participant by year": "2021-48", "acreage": 0.0574, "latitude": 35.094159, "longitude": -106.576049 }, "geometry": { "type": "Point", "coordinates": [ -106.576049, 35.094159 ] } }
{ "type": "Feature", "properties": { "participant # overall": "2021-50", "participant by year": "2021-49", "acreage": 0.0344, "latitude": 35.11755, "longitude": -106.588315 }, "geometry": { "type": "Point", "coordinates": [ -106.588315, 35.11755 ] } }
{ "type": "Feature", "properties": { "participant # overall": "2021-49", "participant by year": "2021-50", "acreage": 0.0344, "latitude": 35.122238, "longitude": -106.53022 }, "geometry": { "type": "Point", "coordinates": [ -106.53022, 35.122238 ] } }
{ "type": "Feature", "properties": { "participant # overall": "2021-51", "participant by year": "2021-51", "acreage": 0.1148, "latitude": 35.210716, "longitude": -106.671342 }, "geometry": { "type": "Point", "coordinates": [ -106.671342, 35.210716 ] } }
{ "type": "Feature", "properties": { "participant # overall": "2021-52", "participant by year": "2021-52", "acreage": 0.0574, "latitude": 35.112932, "longitude": -106.368377 }, "geometry": { "type": "Point", "coordinates": [ -106.368377, 35.112932 ] } }
{ "type": "Feature", "properties": { "participant # overall": "2021-53", "participant by year": "2021-53", "acreage": 0.5051, "latitude": 35.061197, "longitude": -106.575156 }, "geometry": { "type": "Point", "coordinates": [ -106.575156, 35.061197 ] } }
{ "type": "Feature", "properties": { "participant # overall": "2021-54", "participant by year": "2021-54", "acreage": 3.0, "latitude": 35.313667, "longitude": -106.508403 }, "geometry": { "type": "Point", "coordinates": [ -106.508403, 35.313667 ] } }
{ "type": "Feature", "properties": { "participant # overall": "2021-55", "participant by year": "2021-55", "acreage": 0.0574, "latitude": 35.100963, "longitude": -106.672374 }, "geometry": { "type": "Point", "coordinates": [ -106.672374, 35.100963 ] } }
{ "type": "Feature", "properties": { "participant # overall": "2021-56", "participant by year": "2021-56", "acreage": 1.9399, "latitude": 34.9659232, "longitude": -106.6979425 }, "geometry": { "type": "Point", "coordinates": [ -106.6979425, 34.9659232 ] } }
{ "type": "Feature", "properties": { "participant # overall": "2021-57", "participant by year": "2021-57", "acreage": 0.0115, "latitude": 35.0853003, "longitude": -106.7005722 }, "geometry": { "type": "Point", "coordinates": [ -106.7005722, 35.0853003 ] } }
{ "type": "Feature", "properties": { "participant # overall": "2021-58", "participant by year": "2021-58", "acreage": 4.0, "latitude": 35.0664231, "longitude": -106.6043549 }, "geometry": { "type": "Point", "coordinates": [ -106.6043549, 35.0664231 ] } }
{ "type": "Feature", "properties": { "participant # overall": "2021-59", "participant by year": "2021-59", "acreage": 0.023, "latitude": 35.1262723, "longitude": -106.5393029 }, "geometry": { "type": "Point", "coordinates": [ -106.5393029, 35.1262723 ] } }
{ "type": "Feature", "properties": { "participant # overall": "2021-60", "participant by year": "2021-60", "acreage": 0.0574, "latitude": 35.1194863, "longitude": -106.5524235 }, "geometry": { "type": "Point", "coordinates": [ -106.5524235, 35.1194863 ] } }
{ "type": "Feature", "properties": { "participant # overall": "2021-61", "participant by year": "2021-61", "acreage": 0.0115, "latitude": 35.1342544, "longitude": -106.6617252 }, "geometry": { "type": "Point", "coordinates": [ -106.6617252, 35.1342544 ] } }
{ "type": "Feature", "properties": { "participant # overall": "2021-62", "participant by year": "2021-62", "acreage": 0.0023, "latitude": 35.140756, "longitude": -106.649371 }, "geometry": { "type": "Point", "coordinates": [ -106.649371, 35.140756 ] } }
{ "type": "Feature", "properties": { "participant # overall": "2021-63", "participant by year": "2021-63", "acreage": 0.0046, "latitude": 35.1244629, "longitude": -106.5809144 }, "geometry": { "type": "Point", "coordinates": [ -106.5809144, 35.1244629 ] } }
{ "type": "Feature", "properties": { "participant # overall": "2021-64", "participant by year": "2021-64", "acreage": 0.0872, "latitude": 35.1603376, "longitude": -106.6427171 }, "geometry": { "type": "Point", "coordinates": [ -106.6427171, 35.1603376 ] } }
{ "type": "Feature", "properties": { "participant # overall": "2021-65", "participant by year": "2021-65", "acreage": 0.1722, "latitude": 35.1411279, "longitude": -106.6509583 }, "geometry": { "type": "Point", "coordinates": [ -106.6509583, 35.1411279 ] } }
{ "type": "Feature", "properties": { "participant # overall": "2021-66", "participant by year": "2021-66", "acreage": 0.5051, "latitude": 35.1138888, "longitude": -106.6593642 }, "geometry": { "type": "Point", "coordinates": [ -106.6593642, 35.1138888 ] } }
{ "type": "Feature", "properties": { "participant # overall": "2021-67", "participant by year": "2021-67", "acreage": 0.0344, "latitude": 35.0812993, "longitude": -106.4941557 }, "geometry": { "type": "Point", "coordinates": [ -106.4941557, 35.0812993 ] } }
{ "type": "Feature", "properties": { "participant # overall": "2021-68", "participant by year": "2021-68", "acreage": 0.2525, "latitude": 35.2764068, "longitude": -106.6077651 }, "geometry": { "type": "Point", "coordinates": [ -106.6077651, 35.2764068 ] } }
{ "type": "Feature", "properties": { "participant # overall": "2021-69", "participant by year": "2021-69", "acreage": 0.023, "latitude": 35.1355679, "longitude": -106.5324006 }, "geometry": { "type": "Point", "coordinates": [ -106.5324006, 35.1355679 ] } }
{ "type": "Feature", "properties": { "participant # overall": "2021-70", "participant by year": "2021-70", "acreage": 0.2525, "latitude": 35.0744483, "longitude": -106.6019104 }, "geometry": { "type": "Point", "coordinates": [ -106.6019104, 35.0744483 ] } }
{ "type": "Feature", "properties": { "participant # overall": "2021-71", "participant by year": "2021-71", "acreage": 0.0344, "latitude": 35.093271, "longitude": -106.5509054 }, "geometry": { "type": "Point", "coordinates": [ -106.5509054, 35.093271 ] } }
{ "type": "Feature", "properties": { "participant # overall": "2021-72", "participant by year": "2021-72", "acreage": 0.1148, "latitude": 35.0817486, "longitude": -106.5977026 }, "geometry": { "type": "Point", "coordinates": [ -106.5977026, 35.0817486 ] } }
{ "type": "Feature", "properties": { "participant # overall": "2021-73", "participant by year": "2021-73", "acreage": 0.0115, "latitude": 35.1934274, "longitude": -106.6279462 }, "geometry": { "type": "Point", "coordinates": [ -106.6279462, 35.1934274 ] } }
{ "type": "Feature", "properties": { "participant # overall": "2021-74", "participant by year": "2021-74", "acreage": 0.1148, "latitude": 35.1126759, "longitude": -106.4931418 }, "geometry": { "type": "Point", "coordinates": [ -106.4931418, 35.1126759 ] } }
{ "type": "Feature", "properties": { "participant # overall": "2021-75", "participant by year": "2021-75", "acreage": 0.1722, "latitude": 35.0580074, "longitude": -106.6756334 }, "geometry": { "type": "Point", "coordinates": [ -106.6756334, 35.0580074 ] } }
{ "type": "Feature", "properties": { "participant # overall": "2021-76", "participant by year": "2021-76", "acreage": 0.023, "latitude": 35.0935656, "longitude": -106.5864467 }, "geometry": { "type": "Point", "coordinates": [ -106.5864467, 35.0935656 ] } }
{ "type": "Feature", "properties": { "participant # overall": "2021-77", "participant by year": "2021-77", "acreage": 0.5051, "latitude": 35.1398864, "longitude": -106.6455604 }, "geometry": { "type": "Point", "coordinates": [ -106.6455604, 35.1398864 ] } }
{ "type": "Feature", "properties": { "participant # overall": "2021-78", "participant by year": "2021-78", "acreage": 0.0046, "latitude": 35.1329634, "longitude": -106.6726108 }, "geometry": { "type": "Point", "coordinates": [ -106.6726108, 35.1329634 ] } }
{ "type": "Feature", "properties": { "participant # overall": "2021-79", "participant by year": "2021-79", "acreage": 0.2525, "latitude": 35.1489795, "longitude": -106.6687409 }, "geometry": { "type": "Point", "coordinates": [ -106.6687409, 35.1489795 ] } }
{ "type": "Feature", "properties": { "participant # overall": "2021-80", "participant by year": "2021-80", "acreage": 0.0574, "latitude": 35.115373, "longitude": -106.4923211 }, "geometry": { "type": "Point", "coordinates": [ -106.4923211, 35.115373 ] } }
{ "type": "Feature", "properties": { "participant # overall": "2021-81", "participant by year": "2021-81", "acreage": 25.0, "latitude": 35.1471801, "longitude": -106.5059578 }, "geometry": { "type": "Point", "coordinates": [ -106.5059578, 35.1471801 ] } }
{ "type": "Feature", "properties": { "participant # overall": "2021-82", "participant by year": "2021-82", "acreage": 0.0344, "latitude": 35.0981853, "longitude": -106.6642713 }, "geometry": { "type": "Point", "coordinates": [ -106.6642713, 35.0981853 ] } }
{ "type": "Feature", "properties": { "participant # overall": "2021-83", "participant by year": "2021-83", "acreage": 0.023, "latitude": 35.0616062, "longitude": -106.5912302 }, "geometry": { "type": "Point", "coordinates": [ -106.5912302, 35.0616062 ] } }
{ "type": "Feature", "properties": { "participant # overall": "2021-84", "participant by year": "2021-84", "acreage": 0.1148, "latitude": 35.132653, "longitude": -106.660931 }, "geometry": { "type": "Point", "coordinates": [ -106.660931, 35.132653 ] } }
{ "type": "Feature", "properties": { "participant # overall": "2021-85", "participant by year": "2021-85", "acreage": 0.05, "latitude": 35.1550359, "longitude": -106.6815071 }, "geometry": { "type": "Point", "coordinates": [ -106.6815071, 35.1550359 ] } }
{ "type": "Feature", "properties": { "participant # overall": "2021-86", "participant by year": "2021-86", "acreage": 0.2525, "latitude": 35.08697, "longitude": -106.6217017 }, "geometry": { "type": "Point", "coordinates": [ -106.6217017, 35.08697 ] } }
{ "type": "Feature", "properties": { "participant # overall": "2021-87", "participant by year": "2021-87", "acreage": 0.0574, "latitude": 35.1815504, "longitude": -106.6253992 }, "geometry": { "type": "Point", "coordinates": [ -106.6253992, 35.1815504 ] } }
{ "type": "Feature", "properties": { "participant # overall": "2021-88", "participant by year": "2021-88", "acreage": 0.0574, "latitude": 35.0669111, "longitude": -106.6897799 }, "geometry": { "type": "Point", "coordinates": [ -106.6897799, 35.0669111 ] } }
{ "type": "Feature", "properties": { "participant # overall": "2021-89", "participant by year": "2021-89", "acreage": 0.2525, "latitude": 34.1689, "longitude": -106.5082034 }, "geometry": { "type": "Point", "coordinates": [ -106.5082034, 34.1689 ] } }
{ "type": "Feature", "properties": { "participant # overall": "2021-90", "participant by year": "2021-90", "acreage": 1.2626, "latitude": 35.134213, "longitude": -106.5103477 }, "geometry": { "type": "Point", "coordinates": [ -106.5103477, 35.134213 ] } }
{ "type": "Feature", "properties": { "participant # overall": "2021-91", "participant by year": "2021-91", "acreage": 0.5051, "latitude": 35.0679039, "longitude": -106.5821172 }, "geometry": { "type": "Point", "coordinates": [ -106.5821172, 35.0679039 ] } }
{ "type": "Feature", "properties": { "participant # overall": "2021-92", "participant by year": "2021-92", "acreage": 0.0574, "latitude": 35.1146925, "longitude": -106.6715481 }, "geometry": { "type": "Point", "coordinates": [ -106.6715481, 35.1146925 ] } }
{ "type": "Feature", "properties": { "participant # overall": "2021-93", "participant by year": "2021-93", "acreage": 0.0574, "latitude": 35.0898621, "longitude": -106.5633304 }, "geometry": { "type": "Point", "coordinates": [ -106.5633304, 35.0898621 ] } }
{ "type": "Feature", "properties": { "participant # overall": "2021-94", "participant by year": "2021-94", "acreage": 0.1148, "latitude": 35.1261707, "longitude": -106.6842155 }, "geometry": { "type": "Point", "coordinates": [ -106.6842155, 35.1261707 ] } }
{ "type": "Feature", "properties": { "participant # overall": "2021-95", "participant by year": "2021-95", "acreage": 0.0459, "latitude": 35.1128456, "longitude": -106.5503076 }, "geometry": { "type": "Point", "coordinates": [ -106.5503076, 35.1128456 ] } }
{ "type": "Feature", "properties": { "participant # overall": "2021-96", "participant by year": "2021-96", "acreage": 0.2525, "latitude": 35.1557346, "longitude": -106.639669 }, "geometry": { "type": "Point", "coordinates": [ -106.639669, 35.1557346 ] } }
{ "type": "Feature", "properties": { "participant # overall": "2021-97", "participant by year": "2021-97", "acreage": 0.0574, "latitude": 35.1324158, "longitude": -106.6550138 }, "geometry": { "type": "Point", "coordinates": [ -106.6550138, 35.1324158 ] } }
{ "type": "Feature", "properties": { "participant # overall": "2021-98", "participant by year": "2021-98", "acreage": 1.0101, "latitude": 35.126266, "longitude": -106.6805765 }, "geometry": { "type": "Point", "coordinates": [ -106.6805765, 35.126266 ] } }
{ "type": "Feature", "properties": { "participant # overall": "2021-99", "participant by year": "2021-99", "acreage": 0.0574, "latitude": 35.090851, "longitude": -106.6439145 }, "geometry": { "type": "Point", "coordinates": [ -106.6439145, 35.090851 ] } }
{ "type": "Feature", "properties": { "participant # overall": "2021-100", "participant by year": "2021-100", "acreage": 0.9871, "latitude": 35.0978335, "longitude": -106.5958164 }, "geometry": { "type": "Point", "coordinates": [ -106.5958164, 35.0978335 ] } }
{ "type": "Feature", "properties": { "participant # overall": "2021-101", "participant by year": "2021-101", "acreage": 0.1148, "latitude": 35.1709987, "longitude": -106.6364615 }, "geometry": { "type": "Point", "coordinates": [ -106.6364615, 35.1709987 ] } }
{ "type": "Feature", "properties": { "participant # overall": "2021-102", "participant by year": "2021-102", "acreage": 0.0574, "latitude": 35.1120733, "longitude": -106.5641551 }, "geometry": { "type": "Point", "coordinates": [ -106.5641551, 35.1120733 ] } }
{ "type": "Feature", "properties": { "participant # overall": "2021-103", "participant by year": "2021-103", "acreage": 0.5051, "latitude": 35.0846638, "longitude": -106.6067036 }, "geometry": { "type": "Point", "coordinates": [ -106.6067036, 35.0846638 ] } }
{ "type": "Feature", "properties": { "participant # overall": "2021-104", "participant by year": "2021-104", "acreage": 0.1148, "latitude": 35.3368225, "longitude": -106.4874861 }, "geometry": { "type": "Point", "coordinates": [ -106.4874861, 35.3368225 ] } }
{ "type": "Feature", "properties": { "participant # overall": "2021-105", "participant by year": "2021-105", "acreage": 0.0574, "latitude": 35.0852217, "longitude": -106.6092846 }, "geometry": { "type": "Point", "coordinates": [ -106.6092846, 35.0852217 ] } }
{ "type": "Feature", "properties": { "participant # overall": "2021-106", "participant by year": "2021-106", "acreage": 2.0, "latitude": 35.1316967, "longitude": -106.666065 }, "geometry": { "type": "Point", "coordinates": [ -106.666065, 35.1316967 ] } }
{ "type": "Feature", "properties": { "participant # overall": "2021-107", "participant by year": "2021-107", "acreage": 0.1148, "latitude": 35.0954101, "longitude": -106.6177113 }, "geometry": { "type": "Point", "coordinates": [ -106.6177113, 35.0954101 ] } }
{ "type": "Feature", "properties": { "participant # overall": "2021-108", "participant by year": "2021-108", "acreage": 1.0331, "latitude": 35.168407, "longitude": -106.5587313 }, "geometry": { "type": "Point", "coordinates": [ -106.5587313, 35.168407 ] } }
{ "type": "Feature", "properties": { "participant # overall": "2021-109", "participant by year": "2021-109", "acreage": 0.023, "latitude": 35.1272704, "longitude": -106.6816808 }, "geometry": { "type": "Point", "coordinates": [ -106.6816808, 35.1272704 ] } }
{ "type": "Feature", "properties": { "participant # overall": "2021-110", "participant by year": "2021-110", "acreage": 0.1148, "latitude": 35.1650913, "longitude": -106.6561191 }, "geometry": { "type": "Point", "coordinates": [ -106.6561191, 35.1650913 ] } }
{ "type": "Feature", "properties": { "participant # overall": "2021-111", "participant by year": "2021-111", "acreage": 1.0101, "latitude": 35.1854729, "longitude": -106.5325846 }, "geometry": { "type": "Point", "coordinates": [ -106.5325846, 35.1854729 ] } }
{ "type": "Feature", "properties": { "participant # overall": "2021-112", "participant by year": "2021-112", "acreage": 1.0101, "latitude": 35.0594583, "longitude": -106.5938544 }, "geometry": { "type": "Point", "coordinates": [ -106.5938544, 35.0594583 ] } }
{ "type": "Feature", "properties": { "participant # overall": "2021-113", "participant by year": "2021-113", "acreage": 0.5051, "latitude": 34.9961426, "longitude": -106.6849755 }, "geometry": { "type": "Point", "coordinates": [ -106.6849755, 34.9961426 ] } }
{ "type": "Feature", "properties": { "participant # overall": "2021-114", "participant by year": "2021-114", "acreage": 0.0115, "latitude": 35.1601727, "longitude": -106.7105187 }, "geometry": { "type": "Point", "coordinates": [ -106.7105187, 35.1601727 ] } }
{ "type": "Feature", "properties": { "participant # overall": "2021-115", "participant by year": "2021-115", "acreage": 2.0661, "latitude": 35.1145257, "longitude": -106.5346538 }, "geometry": { "type": "Point", "coordinates": [ -106.5346538, 35.1145257 ] } }
{ "type": "Feature", "properties": { "participant # overall": "2021-116", "participant by year": "2021-116", "acreage": 0.0344, "latitude": 35.0940319, "longitude": -106.5938595 }, "geometry": { "type": "Point", "coordinates": [ -106.5938595, 35.0940319 ] } }
{ "type": "Feature", "properties": { "participant # overall": "2021-117", "participant by year": "2021-117", "acreage": 0.0115, "latitude": 35.0695423, "longitude": -106.5860316 }, "geometry": { "type": "Point", "coordinates": [ -106.5860316, 35.0695423 ] } }
{ "type": "Feature", "properties": { "participant # overall": "2021-118", "participant by year": "2021-118", "acreage": 0.1148, "latitude": 35.0892546, "longitude": -106.6635804 }, "geometry": { "type": "Point", "coordinates": [ -106.6635804, 35.0892546 ] } }
{ "type": "Feature", "properties": { "participant # overall": "2021-119", "participant by year": "2021-119", "acreage": 0.1148, "latitude": 35.1875007, "longitude": -106.5303291 }, "geometry": { "type": "Point", "coordinates": [ -106.5303291, 35.1875007 ] } }
{ "type": "Feature", "properties": { "participant # overall": "2021-120", "participant by year": "2021-120", "acreage": 0.0574, "latitude": 35.1006357, "longitude": -106.5940651 }, "geometry": { "type": "Point", "coordinates": [ -106.5940651, 35.1006357 ] } }
{ "type": "Feature", "properties": { "participant # overall": "2021-121", "participant by year": "2021-121", "acreage": 1.0101, "latitude": 35.0014603, "longitude": -106.6974582 }, "geometry": { "type": "Point", "coordinates": [ -106.6974582, 35.0014603 ] } }
{ "type": "Feature", "properties": { "participant # overall": "2022-122", "participant by year": "2022-1", "acreage": 0.023, "latitude": 35.1202078, "longitude": -106.6785038 }, "geometry": { "type": "Point", "coordinates": [ -106.6785038, 35.1202078 ] } }
{ "type": "Feature", "properties": { "participant # overall": "2022-123", "participant by year": "2022-2", "acreage": 0.5051, "latitude": 35.0936974, "longitude": -106.5938595 }, "geometry": { "type": "Point", "coordinates": [ -106.5938595, 35.0936974 ] } }
{ "type": "Feature", "properties": { "participant # overall": "2022-124", "participant by year": "2022-3", "acreage": 0.2525, "latitude": 35.0641794, "longitude": -106.5994252 }, "geometry": { "type": "Point", "coordinates": [ -106.5994252, 35.0641794 ] } }
{ "type": "Feature", "properties": { "participant # overall": "2022-125", "participant by year": "2022-4", "acreage": 0.1722, "latitude": 35.085657, "longitude": -106.5999378 }, "geometry": { "type": "Point", "coordinates": [ -106.5999378, 35.085657 ] } }
{ "type": "Feature", "properties": { "participant # overall": "2022-126", "participant by year": "2022-5", "acreage": 0.0115, "latitude": 35.0618753, "longitude": -106.5922872 }, "geometry": { "type": "Point", "coordinates": [ -106.5922872, 35.0618753 ] } }
{ "type": "Feature", "properties": { "participant # overall": "2022-127", "participant by year": "2022-6", "acreage": 0.0046, "latitude": 35.0899389, "longitude": -106.6123709 }, "geometry": { "type": "Point", "coordinates": [ -106.6123709, 35.0899389 ] } }
{ "type": "Feature", "properties": { "participant # overall": "2022-128", "participant by year": "2022-7", "acreage": 0.1722, "latitude": 35.175282, "longitude": -106.6979895 }, "geometry": { "type": "Point", "coordinates": [ -106.6979895, 35.175282 ] } }
{ "type": "Feature", "properties": { "participant # overall": "2022-129", "participant by year": "2022-8", "acreage": 0.0344, "latitude": 35.1230598, "longitude": -106.581337 }, "geometry": { "type": "Point", "coordinates": [ -106.581337, 35.1230598 ] } }
{ "type": "Feature", "properties": { "participant # overall": "2022-130", "participant by year": "2022-9", "acreage": 0.2525, "latitude": 35.1175948, "longitude": -106.6841464 }, "geometry": { "type": "Point", "coordinates": [ -106.6841464, 35.1175948 ] } }
{ "type": "Feature", "properties": { "participant # overall": "2022-131", "participant by year": "2022-10", "acreage": 0.1148, "latitude": 35.1922754, "longitude": -106.7353456 }, "geometry": { "type": "Point", "coordinates": [ -106.7353456, 35.1922754 ] } }
{ "type": "Feature", "properties": { "participant # overall": "2022-132", "participant by year": "2022-11", "acreage": 0.1722, "latitude": 35.1210489, "longitude": -106.5551913 }, "geometry": { "type": "Point", "coordinates": [ -106.5551913, 35.1210489 ] } }
{ "type": "Feature", "properties": { "participant # overall": "2022-133", "participant by year": "2022-12", "acreage": 0.1148, "latitude": 35.1118861, "longitude": -106.6845873 }, "geometry": { "type": "Point", "coordinates": [ -106.6845873, 35.1118861 ] } }
{ "type": "Feature", "properties": { "participant # overall": "2022-134", "participant by year": "2022-13", "acreage": 0.0011, "latitude": 35.0462177, "longitude": -106.5000668 }, "geometry": { "type": "Point", "coordinates": [ -106.5000668, 35.0462177 ] } }
{ "type": "Feature", "properties": { "participant # overall": "2022-135", "participant by year": "2022-14", "acreage": 0.1722, "latitude": 35.1176242, "longitude": -106.6413889 }, "geometry": { "type": "Point", "coordinates": [ -106.6413889, 35.1176242 ] } }
{ "type": "Feature", "properties": { "participant # overall": "2022-136", "participant by year": "2022-15", "acreage": 0.9871, "latitude": 35.0907803, "longitude": -106.6649161 }, "geometry": { "type": "Point", "coordinates": [ -106.6649161, 35.0907803 ] } }
{ "type": "Feature", "properties": { "participant # overall": "2022-137", "participant by year": "2022-16", "acreage": 0.0011, "latitude": 35.1245105, "longitude": -106.6564975 }, "geometry": { "type": "Point", "coordinates": [ -106.6564975, 35.1245105 ] } }
{ "type": "Feature", "properties": { "participant # overall": "2022-138", "participant by year": "2022-17", "acreage": 0.023, "latitude": 35.0661308, "longitude": -106.5849291 }, "geometry": { "type": "Point", "coordinates": [ -106.5849291, 35.0661308 ] } }
{ "type": "Feature", "properties": { "participant # overall": "2022-139", "participant by year": "2022-18", "acreage": 0.023, "latitude": 35.0951175, "longitude": -106.6177113 }, "geometry": { "type": "Point", "coordinates": [ -106.6177113, 35.0951175 ] } }
{ "type": "Feature", "properties": { "participant # overall": "2022-140", "participant by year": "2022-19", "acreage": 0.0574, "latitude": 35.121907, "longitude": -106.5332837 }, "geometry": { "type": "Point", "coordinates": [ -106.5332837, 35.121907 ] } }
{ "type": "Feature", "properties": { "participant # overall": "2022-141", "participant by year": "2022-20", "acreage": 0.0574, "latitude": 35.1398565, "longitude": -106.5542558 }, "geometry": { "type": "Point", "coordinates": [ -106.5542558, 35.1398565 ] } }
{ "type": "Feature", "properties": { "participant # overall": "2022-142", "participant by year": "2022-21", "acreage": 0.0115, "latitude": 35.0816647, "longitude": -106.6127871 }, "geometry": { "type": "Point", "coordinates": [ -106.6127871, 35.0816647 ] } }
{ "type": "Feature", "properties": { "participant # overall": "2022-143", "participant by year": "2022-22", "acreage": 0.5, "latitude": 35.0947957, "longitude": -106.668785 }, "geometry": { "type": "Point", "coordinates": [ -106.668785, 35.0947957 ] } }
{ "type": "Feature", "properties": { "participant # overall": "2022-144", "participant by year": "2022-23", "acreage": 0.0574, "latitude": 35.3157367, "longitude": -106.6073276 }, "geometry": { "type": "Point", "coordinates": [ -106.6073276, 35.3157367 ] } }
{ "type": "Feature", "properties": { "participant # overall": "2022-145", "participant by year": "2022-24", "acreage": 0.023, "latitude": 35.0871284, "longitude": -106.6118172 }, "geometry": { "type": "Point", "coordinates": [ -106.6118172, 35.0871284 ] } }
{ "type": "Feature", "properties": { "participant # overall": "2022-146", "participant by year": "2022-25", "acreage": 0.5051, "latitude": 35.0831452, "longitude": -106.5997097 }, "geometry": { "type": "Point", "coordinates": [ -106.5997097, 35.0831452 ] } }
{ "type": "Feature", "properties": { "participant # overall": "2022-147", "participant by year": "2022-26", "acreage": 0.1148, "latitude": 35.0988383, "longitude": -106.6412433 }, "geometry": { "type": "Point", "coordinates": [ -106.6412433, 35.0988383 ] } }
{ "type": "Feature", "properties": { "participant # overall": "2022-148", "participant by year": "2022-27", "acreage": 0.0574, "latitude": 35.0953258, "longitude": -106.6826724 }, "geometry": { "type": "Point", "coordinates": [ -106.6826724, 35.0953258 ] } }
{ "type": "Feature", "properties": { "participant # overall": "2022-149", "participant by year": "2022-28", "acreage": 0.0115, "latitude": 35.0713442, "longitude": -106.6184445 }, "geometry": { "type": "Point", "coordinates": [ -106.6184445, 35.0713442 ] } }
{ "type": "Feature", "properties": { "participant # overall": "2022-150", "participant by year": "2022-29", "acreage": 0.1722, "latitude": 35.0674265, "longitude": -106.5906872 }, "geometry": { "type": "Point", "coordinates": [ -106.5906872, 35.0674265 ] } }
{ "type": "Feature", "properties": { "participant # overall": "2022-151", "participant by year": "2022-30", "acreage": 0.0344, "latitude": 35.1160107, "longitude": -106.6567179 }, "geometry": { "type": "Point", "coordinates": [ -106.6567179, 35.1160107 ] } }
{ "type": "Feature", "properties": { "participant # overall": "2022-152", "participant by year": "2022-31", "acreage": 0.0574, "latitude": 35.0563241, "longitude": -106.5735093 }, "geometry": { "type": "Point", "coordinates": [ -106.5735093, 35.0563241 ] } }
{ "type": "Feature", "properties": { "participant # overall": "2022-153", "participant by year": "2022-32", "acreage": 0.5051, "latitude": 35.0936378, "longitude": -106.6553362 }, "geometry": { "type": "Point", "coordinates": [ -106.6553362, 35.0936378 ] } }
{ "type": "Feature", "properties": { "participant # overall": "2022-154", "participant by year": "2022-33", "acreage": 0.9871, "latitude": 35.2986874, "longitude": -106.5967603 }, "geometry": { "type": "Point", "coordinates": [ -106.5967603, 35.2986874 ] } }
{ "type": "Feature", "properties": { "participant # overall": "2022-155", "participant by year": "2022-34", "acreage": 0.5051, "latitude": 35.1149007, "longitude": -106.5879618 }, "geometry": { "type": "Point", "coordinates": [ -106.5879618, 35.1149007 ] } }
{ "type": "Feature", "properties": { "participant # overall": "2022-156", "participant by year": "2022-35", "acreage": 0.0574, "latitude": 35.0822205, "longitude": -106.5993409 }, "geometry": { "type": "Point", "coordinates": [ -106.5993409, 35.0822205 ] } }
{ "type": "Feature", "properties": { "participant # overall": "2022-157", "participant by year": "2022-36", "acreage": 0.0344, "latitude": 35.0711724, "longitude": -106.6042058 }, "geometry": { "type": "Point", "coordinates": [ -106.6042058, 35.0711724 ] } }
{ "type": "Feature", "properties": { "participant # overall": "2022-158", "participant by year": "2022-37", "acreage": 0.0344, "latitude": 35.132324, "longitude": -106.659431 }, "geometry": { "type": "Point", "coordinates": [ -106.659431, 35.132324 ] } }
{ "type": "Feature", "properties": { "participant # overall": "2022-159", "participant by year": "2022-38", "acreage": 0.2525, "latitude": 35.0911155, "longitude": -106.567345 }, "geometry": { "type": "Point", "coordinates": [ -106.567345, 35.0911155 ] } }
{ "type": "Feature", "properties": { "participant # overall": "2022-160", "participant by year": "2022-39", "acreage": 0.0115, "latitude": 35.1369305, "longitude": -106.5256802 }, "geometry": { "type": "Point", "coordinates": [ -106.5256802, 35.1369305 ] } }
{ "type": "Feature", "properties": { "participant # overall": "2022-162", "participant by year": "2022-41", "acreage": 0.2525, "latitude": 35.3306924, "longitude": -106.5329989 }, "geometry": { "type": "Point", "coordinates": [ -106.5329989, 35.3306924 ] } }
{ "type": "Feature", "properties": { "participant # overall": "2022-163", "participant by year": "2022-42", "acreage": 0.0115, "latitude": 35.3085782, "longitude": -106.7231417 }, "geometry": { "type": "Point", "coordinates": [ -106.7231417, 35.3085782 ] } }
{ "type": "Feature", "properties": { "participant # overall": "2022-164", "participant by year": "2022-43", "acreage": 0.0574, "latitude": 35.2251346, "longitude": -106.6912631 }, "geometry": { "type": "Point", "coordinates": [ -106.6912631, 35.2251346 ] } }
{ "type": "Feature", "properties": { "participant # overall": "2022-165", "participant by year": "2022-44", "acreage": 0.023, "latitude": 35.221692, "longitude": -106.644889 }, "geometry": { "type": "Point", "coordinates": [ -106.644889, 35.221692 ] } }
{ "type": "Feature", "properties": { "participant # overall": "2022-166", "participant by year": "2022-45", "acreage": 0.1148, "latitude": 35.3422498, "longitude": -106.6058817 }, "geometry": { "type": "Point", "coordinates": [ -106.6058817, 35.3422498 ] } }
{ "type": "Feature", "properties": { "participant # overall": "2022-167", "participant by year": "2022-46", "acreage": 1.0101, "latitude": 35.1136077, "longitude": -106.6733876 }, "geometry": { "type": "Point", "coordinates": [ -106.6733876, 35.1136077 ] } }
{ "type": "Feature", "properties": { "participant # overall": "2022-168", "participant by year": "2022-47", "acreage": 0.1148, "latitude": 35.0791698, "longitude": -106.6888911 }, "geometry": { "type": "Point", "coordinates": [ -106.6888911, 35.0791698 ] } }
{ "type": "Feature", "properties": { "participant # overall": "2022-169", "participant by year": "2022-48", "acreage": 0.0344, "latitude": 35.1847559, "longitude": -106.6592666 }, "geometry": { "type": "Point", "coordinates": [ -106.6592666, 35.1847559 ] } }
{ "type": "Feature", "properties": { "participant # overall": "2022-170", "participant by year": "2022-49", "acreage": 0.023, "latitude": 35.3110685, "longitude": -106.5736014 }, "geometry": { "type": "Point", "coordinates": [ -106.5736014, 35.3110685 ] } }
{ "type": "Feature", "properties": { "participant # overall": "2022-171", "participant by year": "2022-50", "acreage": 0.5051, "latitude": 35.0818355, "longitude": -106.5995227 }, "geometry": { "type": "Point", "coordinates": [ -106.5995227, 35.0818355 ] } }
{ "type": "Feature", "properties": { "participant # overall": "2022-172", "participant by year": "2022-51", "acreage": 0.023, "latitude": 35.0958432, "longitude": -106.6190928 }, "geometry": { "type": "Point", "coordinates": [ -106.6190928, 35.0958432 ] } }
{ "type": "Feature", "properties": { "participant # overall": "2022-173", "participant by year": "2022-52", "acreage": 0.0574, "latitude": 35.0846944, "longitude": -106.5979977 }, "geometry": { "type": "Point", "coordinates": [ -106.5979977, 35.0846944 ] } }
{ "type": "Feature", "properties": { "participant # overall": "2022-174", "participant by year": "2022-53", "acreage": 0.0574, "latitude": 35.0595393, "longitude": -106.594039 }, "geometry": { "type": "Point", "coordinates": [ -106.594039, 35.0595393 ] } }
{ "type": "Feature", "properties": { "participant # overall": "2022-175", "participant by year": "2022-54", "acreage": 0.0574, "latitude": 34.8613899, "longitude": -106.7015717 }, "geometry": { "type": "Point", "coordinates": [ -106.7015717, 34.8613899 ] } }
{ "type": "Feature", "properties": { "participant # overall": "2022-176", "participant by year": "2022-55", "acreage": 0.0574, "latitude": 35.1458336, "longitude": -106.6525687 }, "geometry": { "type": "Point", "coordinates": [ -106.6525687, 35.1458336 ] } }
{ "type": "Feature", "properties": { "participant # overall": "2022-177", "participant by year": "2022-56", "acreage": 0.023, "latitude": 35.1583723, "longitude": -106.704153 }, "geometry": { "type": "Point", "coordinates": [ -106.704153, 35.1583723 ] } }
{ "type": "Feature", "properties": { "participant # overall": "2022-178", "participant by year": "2022-57", "acreage": 1.0101, "latitude": 35.0919512, "longitude": -106.6723316 }, "geometry": { "type": "Point", "coordinates": [ -106.6723316, 35.0919512 ] } }
{ "type": "Feature", "properties": { "participant # overall": "2022-179", "participant by year": "2022-58", "acreage": 0.0011, "latitude": 35.1024411, "longitude": -106.7206079 }, "geometry": { "type": "Point", "coordinates": [ -106.7206079, 35.1024411 ] } }
{ "type": "Feature", "properties": { "participant # overall": "2022-180", "participant by year": "2022-59", "acreage": 0.2525, "latitude": 35.0934875, "longitude": -106.5010051 }, "geometry": { "type": "Point", "coordinates": [ -106.5010051, 35.0934875 ] } }
{ "type": "Feature", "properties": { "participant # overall": "2022-181", "participant by year": "2022-60", "acreage": 0.0023, "latitude": 35.0937956, "longitude": -106.6099725 }, "geometry": { "type": "Point", "coordinates": [ -106.6099725, 35.0937956 ] } }
{ "type": "Feature", "properties": { "participant # overall": "2022-182", "participant by year": "2022-61", "acreage": 0.0115, "latitude": 35.1243564, "longitude": -106.5827563 }, "geometry": { "type": "Point", "coordinates": [ -106.5827563, 35.1243564 ] } }
{ "type": "Feature", "properties": { "participant # overall": "2022-183", "participant by year": "2022-62", "acreage": 0.1148, "latitude": 35.0982139, "longitude": -106.5828094 }, "geometry": { "type": "Point", "coordinates": [ -106.5828094, 35.0982139 ] } }
{ "type": "Feature", "properties": { "participant # overall": "2022-184", "participant by year": "2022-63", "acreage": 0.0344, "latitude": 35.0838848, "longitude": -106.6660734 }, "geometry": { "type": "Point", "coordinates": [ -106.6660734, 35.0838848 ] } }
{ "type": "Feature", "properties": { "participant # overall": "2022-185", "participant by year": "2022-64", "acreage": 0.0344, "latitude": 35.0964869, "longitude": -106.5554168 }, "geometry": { "type": "Point", "coordinates": [ -106.5554168, 35.0964869 ] } }
{ "type": "Feature", "properties": { "participant # overall": "2022-186", "participant by year": "2022-65", "acreage": 0.1722, "latitude": 35.2919468, "longitude": -106.5986941 }, "geometry": { "type": "Point", "coordinates": [ -106.5986941, 35.2919468 ] } }
{ "type": "Feature", "properties": { "participant # overall": "2022-187", "participant by year": "2022-66", "acreage": 0.0344, "latitude": 35.1244281, "longitude": -106.6816494 }, "geometry": { "type": "Point", "coordinates": [ -106.6816494, 35.1244281 ] } }
{ "type": "Feature", "properties": { "participant # overall": "2022-188", "participant by year": "2022-67", "acreage": 0.2525, "latitude": 35.1316976, "longitude": -106.671088 }, "geometry": { "type": "Point", "coordinates": [ -106.671088, 35.1316976 ] } }
{ "type": "Feature", "properties": { "participant # overall": "2022-189", "participant by year": "2022-68", "acreage": 0.2525, "latitude": 35.1473493, "longitude": -106.5663504 }, "geometry": { "type": "Point", "coordinates": [ -106.5663504, 35.1473493 ] } }
{ "type": "Feature", "properties": { "participant # overall": "2022-190", "participant by year": "2022-69", "acreage": 0.0115, "latitude": 35.0671061, "longitude": -106.6114488 }, "geometry": { "type": "Point", "coordinates": [ -106.6114488, 35.0671061 ] } }
{ "type": "Feature", "properties": { "participant # overall": "2022-191", "participant by year": "2022-70", "acreage": 0.0574, "latitude": 35.16698, "longitude": -106.5358814 }, "geometry": { "type": "Point", "coordinates": [ -106.5358814, 35.16698 ] } }
{ "type": "Feature", "properties": { "participant # overall": "2022-192", "participant by year": "2022-71", "acreage": 0.2525, "latitude": 35.118812, "longitude": -106.655421 }, "geometry": { "type": "Point", "coordinates": [ -106.655421, 35.118812 ] } }
{ "type": "Feature", "properties": { "participant # overall": "2022-193", "participant by year": "2022-72", "acreage": 0.1722, "latitude": 35.217028, "longitude": -106.670226 }, "geometry": { "type": "Point", "coordinates": [ -106.670226, 35.217028 ] } }
{ "type": "Feature", "properties": { "participant # overall": "2022-194", "participant by year": "2022-73", "acreage": 0.1722, "latitude": 34.9765582, "longitude": -106.7225428 }, "geometry": { "type": "Point", "coordinates": [ -106.7225428, 34.9765582 ] } }
{ "type": "Feature", "properties": { "participant # overall": "2022-195", "participant by year": "2022-74", "acreage": 0.023, "latitude": 35.09179, "longitude": -106.4912305 }, "geometry": { "type": "Point", "coordinates": [ -106.4912305, 35.09179 ] } }
{ "type": "Feature", "properties": { "participant # overall": "2022-196", "participant by year": "2022-75", "acreage": 0.2525, "latitude": 35.0663682, "longitude": -106.6102665 }, "geometry": { "type": "Point", "coordinates": [ -106.6102665, 35.0663682 ] } }
{ "type": "Feature", "properties": { "participant # overall": "2022-197", "participant by year": "2022-76", "acreage": 0.0574, "latitude": 35.1727361, "longitude": -106.6442368 }, "geometry": { "type": "Point", "coordinates": [ -106.6442368, 35.1727361 ] } }
{ "type": "Feature", "properties": { "participant # overall": "2022-198", "participant by year": "2022-77", "acreage": 0.0574, "latitude": 35.0823287, "longitude": -106.6812285 }, "geometry": { "type": "Point", "coordinates": [ -106.6812285, 35.0823287 ] } }
{ "type": "Feature", "properties": { "participant # overall": "2022-199", "participant by year": "2022-78", "acreage": 0.5051, "latitude": 35.088576, "longitude": -106.660398 }, "geometry": { "type": "Point", "coordinates": [ -106.660398, 35.088576 ] } }
{ "type": "Feature", "properties": { "participant # overall": "2022-200", "participant by year": "2022-79", "acreage": 0.0574, "latitude": 35.16987, "longitude": -106.555702 }, "geometry": { "type": "Point", "coordinates": [ -106.555702, 35.16987 ] } }
{ "type": "Feature", "properties": { "participant # overall": "2022-201", "participant by year": "2022-80", "acreage": 0.1722, "latitude": 35.2288689, "longitude": -106.6413815 }, "geometry": { "type": "Point", "coordinates": [ -106.6413815, 35.2288689 ] } }
{ "type": "Feature", "properties": { "participant # overall": "2022-202", "participant by year": "2022-81", "acreage": 0.0574, "latitude": 35.0670609, "longitude": -106.6110467 }, "geometry": { "type": "Point", "coordinates": [ -106.6110467, 35.0670609 ] } }
{ "type": "Feature", "properties": { "participant # overall": "2022-203", "participant by year": "2022-82", "acreage": 0.0344, "latitude": 35.1327832, "longitude": -106.6515135 }, "geometry": { "type": "Point", "coordinates": [ -106.6515135, 35.1327832 ] } }
{ "type": "Feature", "properties": { "participant # overall": "2022-204", "participant by year": "2022-83", "acreage": 0.0023, "latitude": 35.0804113, "longitude": -106.6313421 }, "geometry": { "type": "Point", "coordinates": [ -106.6313421, 35.0804113 ] } }
{ "type": "Feature", "properties": { "participant # overall": "2022-205", "participant by year": "2022-84", "acreage": 0.1148, "latitude": 35.0998255, "longitude": -106.5960696 }, "geometry": { "type": "Point", "coordinates": [ -106.5960696, 35.0998255 ] } }
{ "type": "Feature", "properties": { "participant # overall": "2022-206", "participant by year": "2022-85", "acreage": 0.0574, "latitude": 35.1242498, "longitude": -106.5730097 }, "geometry": { "type": "Point", "coordinates": [ -106.5730097, 35.1242498 ] } }
{ "type": "Feature", "properties": { "participant # overall": "2022-207", "participant by year": "2022-86", "acreage": 0.023, "latitude": 35.1553965, "longitude": -106.6933178 }, "geometry": { "type": "Point", "coordinates": [ -106.6933178, 35.1553965 ] } }
{ "type": "Feature", "properties": { "participant # overall": "2022-208", "participant by year": "2022-87", "acreage": 0.0574, "latitude": 35.1277057, "longitude": -106.680014 }, "geometry": { "type": "Point", "coordinates": [ -106.680014, 35.1277057 ] } }
{ "type": "Feature", "properties": { "participant # overall": "2022-209", "participant by year": "2022-88", "acreage": 0.2525, "latitude": 35.2273396, "longitude": -106.6757631 }, "geometry": { "type": "Point", "coordinates": [ -106.6757631, 35.2273396 ] } }
{ "type": "Feature", "properties": { "participant # overall": "2022-210", "participant by year": "2022-89", "acreage": 0.1722, "latitude": 35.139308, "longitude": -106.6396264 }, "geometry": { "type": "Point", "coordinates": [ -106.6396264, 35.139308 ] } }
{ "type": "Feature", "properties": { "participant # overall": "2022-211", "participant by year": "2022-90", "acreage": 0.5051, "latitude": 35.1526815, "longitude": -106.3523159 }, "geometry": { "type": "Point", "coordinates": [ -106.3523159, 35.1526815 ] } }
{ "type": "Feature", "properties": { "participant # overall": "2022-212", "participant by year": "2022-91", "acreage": 0.1148, "latitude": 35.0689623, "longitude": -106.6166982 }, "geometry": { "type": "Point", "coordinates": [ -106.6166982, 35.0689623 ] } }
{ "type": "Feature", "properties": { "participant # overall": "2022-213", "participant by year": "2022-92", "acreage": 0.5051, "latitude": 35.0802779, "longitude": -106.6649164 }, "geometry": { "type": "Point", "coordinates": [ -106.6649164, 35.0802779 ] } }
{ "type": "Feature", "properties": { "participant # overall": "2022-214", "participant by year": "2022-93", "acreage": 0.023, "latitude": 35.0601573, "longitude": -106.6900482 }, "geometry": { "type": "Point", "coordinates": [ -106.6900482, 35.0601573 ] } }
{ "type": "Feature", "properties": { "participant # overall": "2022-215", "participant by year": "2022-94", "acreage": 0.1148, "latitude": 35.1276094, "longitude": -106.5812115 }, "geometry": { "type": "Point", "coordinates": [ -106.5812115, 35.1276094 ] } }
{ "type": "Feature", "properties": { "participant # overall": "2022-216", "participant by year": "2022-95", "acreage": 0.5051, "latitude": 35.2664586, "longitude": -106.7246621 }, "geometry": { "type": "Point", "coordinates": [ -106.7246621, 35.2664586 ] } }
{ "type": "Feature", "properties": { "participant # overall": "2022-217", "participant by year": "2022-96", "acreage": 0.0574, "latitude": 35.1788308, "longitude": -106.549018 }, "geometry": { "type": "Point", "coordinates": [ -106.549018, 35.1788308 ] } }
{ "type": "Feature", "properties": { "participant # overall": "2022-218", "participant by year": "2022-97", "acreage": 0.5051, "latitude": 35.165409, "longitude": -106.5413747 }, "geometry": { "type": "Point", "coordinates": [ -106.5413747, 35.165409 ] } }
{ "type": "Feature", "properties": { "participant # overall": "2022-219", "participant by year": "2022-98", "acreage": 0.023, "latitude": 35.0836072, "longitude": -106.6028288 }, "geometry": { "type": "Point", "coordinates": [ -106.6028288, 35.0836072 ] } }
{ "type": "Feature", "properties": { "participant # overall": "2022-220", "participant by year": "2022-99", "acreage": 0.1148, "latitude": 35.1873997, "longitude": -106.3233901 }, "geometry": { "type": "Point", "coordinates": [ -106.3233901, 35.1873997 ] } }
{ "type": "Feature", "properties": { "participant # overall": "2022-221", "participant by year": "2022-100", "acreage": 0.0011, "latitude": 35.1921581, "longitude": -106.323436 }, "geometry": { "type": "Point", "coordinates": [ -106.323436, 35.1921581 ] } }
{ "type": "Feature", "properties": { "participant # overall": "2022-222", "participant by year": "2022-101", "acreage": 1.0, "latitude": 35.1785097, "longitude": -106.6885914 }, "geometry": { "type": "Point", "coordinates": [ -106.6885914, 35.1785097 ] } }
{ "type": "Feature", "properties": { "participant # overall": "2022-223", "participant by year": "2022-102", "acreage": 1.3, "latitude": 35.0904676, "longitude": -106.665653 }, "geometry": { "type": "Point", "coordinates": [ -106.665653, 35.0904676 ] } }
{ "type": "Feature", "properties": { "participant # overall": "2022-224", "participant by year": "2022-103", "acreage": 0.0115, "latitude": 35.1364758, "longitude": -106.4915987 }, "geometry": { "type": "Point", "coordinates": [ -106.4915987, 35.1364758 ] } }
{ "type": "Feature", "properties": { "participant # overall": "2022-225", "participant by year": "2022-104", "acreage": 0.0574, "latitude": 35.08106, "longitude": -106.643625 }, "geometry": { "type": "Point", "coordinates": [ -106.643625, 35.08106 ] } }
{ "type": "Feature", "properties": { "participant # overall": "2022-226", "participant by year": "2022-105", "acreage": 0.0574, "latitude": 36.901829, "longitude": -104.402767 }, "geometry": { "type": "Point", "coordinates": [ -104.402767, 36.901829 ] } }
{ "type": "Feature", "properties": { "participant # overall": "2022-227", "participant by year": "2022-106", "acreage": 0.08, "latitude": 35.1233958, "longitude": -106.6783186 }, "geometry": { "type": "Point", "coordinates": [ -106.6783186, 35.1233958 ] } }
{ "type": "Feature", "properties": { "participant # overall": "2023-228", "participant by year": "2023-1", "acreage": 0.5051, "latitude": 35.0923883, "longitude": -106.4977946 }, "geometry": { "type": "Point", "coordinates": [ -106.4977946, 35.0923883 ] } }
{ "type": "Feature", "properties": { "participant # overall": "2023-229", "participant by year": "2023-2", "acreage": 0.0574, "latitude": 35.1143333, "longitude": -106.6738433 }, "geometry": { "type": "Point", "coordinates": [ -106.6738433, 35.1143333 ] } }
{ "type": "Feature", "properties": { "participant # overall": "2023-230", "participant by year": "2023-3", "acreage": 0.0574, "latitude": 35.1262213, "longitude": -106.6676468 }, "geometry": { "type": "Point", "coordinates": [ -106.6676468, 35.1262213 ] } }
{ "type": "Feature", "properties": { "participant # overall": "2023-231", "participant by year": "2023-4", "acreage": 0.023, "latitude": 35.1386556, "longitude": -106.5518346 }, "geometry": { "type": "Point", "coordinates": [ -106.5518346, 35.1386556 ] } }
{ "type": "Feature", "properties": { "participant # overall": "2023-232", "participant by year": "2023-5", "acreage": 0.0344, "latitude": 35.0554334, "longitude": -106.6471061 }, "geometry": { "type": "Point", "coordinates": [ -106.6471061, 35.0554334 ] } }
{ "type": "Feature", "properties": { "participant # overall": "2023-233", "participant by year": "2023-6", "acreage": 0.0011, "latitude": 35.0627123, "longitude": -106.5080639 }, "geometry": { "type": "Point", "coordinates": [ -106.5080639, 35.0627123 ] } }
{ "type": "Feature", "properties": { "participant # overall": "2023-234", "participant by year": "2023-7", "acreage": 0.5051, "latitude": 35.0694587, "longitude": -106.617079 }, "geometry": { "type": "Point", "coordinates": [ -106.617079, 35.0694587 ] } }
{ "type": "Feature", "properties": { "participant # overall": "2023-235", "participant by year": "2023-8", "acreage": 0.0344, "latitude": 35.0008322, "longitude": -106.6686876 }, "geometry": { "type": "Point", "coordinates": [ -106.6686876, 35.0008322 ] } }
{ "type": "Feature", "properties": { "participant # overall": "2023-236", "participant by year": "2023-9", "acreage": 0.0115, "latitude": 34.989586, "longitude": -106.671248 }, "geometry": { "type": "Point", "coordinates": [ -106.671248, 34.989586 ] } }
{ "type": "Feature", "properties": { "participant # overall": "2023-237", "participant by year": "2023-10", "acreage": 0.0023, "latitude": 35.2915354, "longitude": -106.5942918 }, "geometry": { "type": "Point", "coordinates": [ -106.5942918, 35.2915354 ] } }
{ "type": "Feature", "properties": { "participant # overall": "2023-238", "participant by year": "2023-11", "acreage": 0.0115, "latitude": 35.0917325, "longitude": -106.5942457 }, "geometry": { "type": "Point", "coordinates": [ -106.5942457, 35.0917325 ] } }
{ "type": "Feature", "properties": { "participant # overall": "2023-239", "participant by year": "2023-12", "acreage": 0.1722, "latitude": 35.0622421, "longitude": -106.6062634 }, "geometry": { "type": "Point", "coordinates": [ -106.6062634, 35.0622421 ] } }
{ "type": "Feature", "properties": { "participant # overall": "2023-240", "participant by year": "2023-13", "acreage": 0.0046, "latitude": 35.0948887, "longitude": -106.5773963 }, "geometry": { "type": "Point", "coordinates": [ -106.5773963, 35.0948887 ] } }
{ "type": "Feature", "properties": { "participant # overall": "2023-241", "participant by year": "2023-14", "acreage": 0.0115, "latitude": 35.1128273, "longitude": -106.6803461 }, "geometry": { "type": "Point", "coordinates": [ -106.6803461, 35.1128273 ] } }
{ "type": "Feature", "properties": { "participant # overall": "2023-242", "participant by year": "2023-15", "acreage": 0.1148, "latitude": 35.1245143, "longitude": -106.5050435 }, "geometry": { "type": "Point", "coordinates": [ -106.5050435, 35.1245143 ] } }
{ "type": "Feature", "properties": { "participant # overall": "2023-243", "participant by year": "2023-16", "acreage": 0.2525, "latitude": 35.1650581, "longitude": -106.5131327 }, "geometry": { "type": "Point", "coordinates": [ -106.5131327, 35.1650581 ] } }
{ "type": "Feature", "properties": { "participant # overall": "2023-244", "participant by year": "2023-17", "acreage": 0.0344, "latitude": 35.156529, "longitude": -106.3282988 }, "geometry": { "type": "Point", "coordinates": [ -106.3282988, 35.156529 ] } }
{ "type": "Feature", "properties": { "participant # overall": "2023-245", "participant by year": "2023-18", "acreage": 0.2525, "latitude": 35.151774, "longitude": -106.5577989 }, "geometry": { "type": "Point", "coordinates": [ -106.5577989, 35.151774 ] } }
{ "type": "Feature", "properties": { "participant # overall": "2023-246", "participant by year": "2023-19", "acreage": 2.0, "latitude": 35.1057189, "longitude": -106.494166 }, "geometry": { "type": "Point", "coordinates": [ -106.494166, 35.1057189 ] } }
{ "type": "Feature", "properties": { "participant # overall": "2023-247", "participant by year": "2023-20", "acreage": 1.0, "latitude": 35.0994906, "longitude": -106.5907925 }, "geometry": { "type": "Point", "coordinates": [ -106.5907925, 35.0994906 ] } }
{ "type": "Feature", "properties": { "participant # overall": "2023-248", "participant by year": "2023-21", "acreage": 0.0344, "latitude": 35.1357883, "longitude": -106.6643811 }, "geometry": { "type": "Point", "coordinates": [ -106.6643811, 35.1357883 ] } }
{ "type": "Feature", "properties": { "participant # overall": "2023-249", "participant by year": "2023-22", "acreage": 0.0115, "latitude": 35.1587109, "longitude": -106.6530281 }, "geometry": { "type": "Point", "coordinates": [ -106.6530281, 35.1587109 ] } }
{ "type": "Feature", "properties": { "participant # overall": "2023-250", "participant by year": "2023-23", "acreage": 0.5051, "latitude": 35.1982829, "longitude": -106.6382907 }, "geometry": { "type": "Point", "coordinates": [ -106.6382907, 35.1982829 ] } }
{ "type": "Feature", "properties": { "participant # overall": "2023-251", "participant by year": "2023-24", "acreage": 0.2525, "latitude": 35.0646858, "longitude": -106.6016588 }, "geometry": { "type": "Point", "coordinates": [ -106.6016588, 35.0646858 ] } }
{ "type": "Feature", "properties": { "participant # overall": "2023-252", "participant by year": "2023-25", "acreage": 0.5051, "latitude": 35.0689276, "longitude": -106.5970544 }, "geometry": { "type": "Point", "coordinates": [ -106.5970544, 35.0689276 ] } }
{ "type": "Feature", "properties": { "participant # overall": "2023-253", "participant by year": "2023-26", "acreage": 0.5, "latitude": 35.118655, "longitude": -106.675008 }, "geometry": { "type": "Point", "coordinates": [ -106.675008, 35.118655 ] } }
{ "type": "Feature", "properties": { "participant # overall": "2023-254", "participant by year": "2023-27", "acreage": 0.0574, "latitude": 35.17621, "longitude": -106.694493 }, "geometry": { "type": "Point", "coordinates": [ -106.694493, 35.17621 ] } }
{ "type": "Feature", "properties": { "participant # overall": "2023-255", "participant by year": "2023-28", "acreage": 0.0046, "latitude": 35.16633, "longitude": -106.640611 }, "geometry": { "type": "Point", "coordinates": [ -106.640611, 35.16633 ] } }
{ "type": "Feature", "properties": { "participant # overall": "2023-256", "participant by year": "2023-29", "acreage": 0.023, "latitude": 35.14182, "longitude": -106.646558 }, "geometry": { "type": "Point", "coordinates": [ -106.646558, 35.14182 ] } }
{ "type": "Feature", "properties": { "participant # overall": "2023-257", "participant by year": "2023-30", "acreage": 0.5051, "latitude": 35.133608, "longitude": -106.539464 }, "geometry": { "type": "Point", "coordinates": [ -106.539464, 35.133608 ] } }
{ "type": "Feature", "properties": { "participant # overall": "2023-258", "participant by year": "2023-31", "acreage": 0.0574, "latitude": 35.111865, "longitude": -106.594008 }, "geometry": { "type": "Point", "coordinates": [ -106.594008, 35.111865 ] } }
{ "type": "Feature", "properties": { "participant # overall": "2023-259", "participant by year": "2023-32", "acreage": 0.1148, "latitude": 35.88397, "longitude": -106.328191 }, "geometry": { "type": "Point", "coordinates": [ -106.328191, 35.88397 ] } }
{ "type": "Feature", "properties": { "participant # overall": "2023-260", "participant by year": "2023-33", "acreage": 0.0574, "latitude": 35.235856, "longitude": -106.652304 }, "geometry": { "type": "Point", "coordinates": [ -106.652304, 35.235856 ] } }
{ "type": "Feature", "properties": { "participant # overall": "2023-261", "participant by year": "2023-34", "acreage": 0.023, "latitude": 35.0098459, "longitude": -106.6713821 }, "geometry": { "type": "Point", "coordinates": [ -106.6713821, 35.0098459 ] } }
{ "type": "Feature", "properties": { "participant # overall": "2023-262", "participant by year": "2023-35", "acreage": 0.0046, "latitude": 35.0880083, "longitude": -106.5380802 }, "geometry": { "type": "Point", "coordinates": [ -106.5380802, 35.0880083 ] } }
{ "type": "Feature", "properties": { "participant # overall": "2023-263", "participant by year": "2023-36", "acreage": 0.0115, "latitude": 35.1908807, "longitude": -106.6070462 }, "geometry": { "type": "Point", "coordinates": [ -106.6070462, 35.1908807 ] } }
{ "type": "Feature", "properties": { "participant # overall": "2023-264", "participant by year": "2023-37", "acreage": 0.023, "latitude": 35.0968438, "longitude": -106.618604 }, "geometry": { "type": "Point", "coordinates": [ -106.618604, 35.0968438 ] } }
{ "type": "Feature", "properties": { "participant # overall": "2023-265", "participant by year": "2023-38", "acreage": 0.5051, "latitude": 35.1864855, "longitude": -106.568417 }, "geometry": { "type": "Point", "coordinates": [ -106.568417, 35.1864855 ] } }
{ "type": "Feature", "properties": { "participant # overall": "2023-266", "participant by year": "2023-39", "acreage": 0.0344, "latitude": 35.0733994, "longitude": -106.6143676 }, "geometry": { "type": "Point", "coordinates": [ -106.6143676, 35.0733994 ] } }
{ "type": "Feature", "properties": { "participant # overall": "2023-267", "participant by year": "2023-40", "acreage": 0.023, "latitude": 35.0603091, "longitude": -106.5423612 }, "geometry": { "type": "Point", "coordinates": [ -106.5423612, 35.0603091 ] } }
{ "type": "Feature", "properties": { "participant # overall": "2023-268", "participant by year": "2023-41", "acreage": 0.0574, "latitude": 35.0733546, "longitude": -106.6009205 }, "geometry": { "type": "Point", "coordinates": [ -106.6009205, 35.0733546 ] } }
{ "type": "Feature", "properties": { "participant # overall": "2023-269", "participant by year": "2023-42", "acreage": 0.0344, "latitude": 35.0908354, "longitude": -106.6592687 }, "geometry": { "type": "Point", "coordinates": [ -106.6592687, 35.0908354 ] } }
{ "type": "Feature", "properties": { "participant # overall": "2023-270", "participant by year": "2023-43", "acreage": 0.0574, "latitude": 35.0641602, "longitude": -106.5776719 }, "geometry": { "type": "Point", "coordinates": [ -106.5776719, 35.0641602 ] } }
{ "type": "Feature", "properties": { "participant # overall": "2023-271", "participant by year": "2023-44", "acreage": 0.0574, "latitude": 35.0699847, "longitude": -106.4930664 }, "geometry": { "type": "Point", "coordinates": [ -106.4930664, 35.0699847 ] } }
{ "type": "Feature", "properties": { "participant # overall": "2023-272", "participant by year": "2023-45", "acreage": 0.1148, "latitude": 35.0710362, "longitude": -106.6180975 }, "geometry": { "type": "Point", "coordinates": [ -106.6180975, 35.0710362 ] } }
{ "type": "Feature", "properties": { "participant # overall": "2023-273", "participant by year": "2023-46", "acreage": 0.0574, "latitude": 35.0666887, "longitude": -106.6113332 }, "geometry": { "type": "Point", "coordinates": [ -106.6113332, 35.0666887 ] } }
{ "type": "Feature", "properties": { "participant # overall": "2023-274", "participant by year": "2023-47", "acreage": 0.0574, "latitude": 35.1026021, "longitude": -106.4955056 }, "geometry": { "type": "Point", "coordinates": [ -106.4955056, 35.1026021 ] } }
{ "type": "Feature", "properties": { "participant # overall": "2023-275", "participant by year": "2023-48", "acreage": 0.0046, "latitude": 35.0860309, "longitude": -106.5983823 }, "geometry": { "type": "Point", "coordinates": [ -106.5983823, 35.0860309 ] } }
{ "type": "Feature", "properties": { "participant # overall": "2023-276", "participant by year": "2023-49", "acreage": 0.1148, "latitude": 35.0547737, "longitude": -106.5106966 }, "geometry": { "type": "Point", "coordinates": [ -106.5106966, 35.0547737 ] } }
{ "type": "Feature", "properties": { "participant # overall": "2023-277", "participant by year": "2023-50", "acreage": 0.0115, "latitude": 35.1354207, "longitude": -106.5731838 }, "geometry": { "type": "Point", "coordinates": [ -106.5731838, 35.1354207 ] } }
{ "type": "Feature", "properties": { "participant # overall": "2023-278", "participant by year": "2023-51", "acreage": 0.2525, "latitude": 35.1335321, "longitude": -106.646281 }, "geometry": { "type": "Point", "coordinates": [ -106.646281, 35.1335321 ] } }
{ "type": "Feature", "properties": { "participant # overall": "2023-279", "participant by year": "2023-52", "acreage": 0.023, "latitude": 35.1617289, "longitude": -106.5884334 }, "geometry": { "type": "Point", "coordinates": [ -106.5884334, 35.1617289 ] } }
{ "type": "Feature", "properties": { "participant # overall": "2023-280", "participant by year": "2023-53", "acreage": 0.023, "latitude": 34.9709483, "longitude": -106.677776 }, "geometry": { "type": "Point", "coordinates": [ -106.677776, 34.9709483 ] } }
{ "type": "Feature", "properties": { "participant # overall": "2023-281", "participant by year": "2023-54", "acreage": 0.0046, "latitude": 35.2164372, "longitude": -106.7003095 }, "geometry": { "type": "Point", "coordinates": [ -106.7003095, 35.2164372 ] } }
{ "type": "Feature", "properties": { "participant # overall": "2023-282", "participant by year": "2023-55", "acreage": 1.6, "latitude": 35.0727023, "longitude": -106.6156656 }, "geometry": { "type": "Point", "coordinates": [ -106.6156656, 35.0727023 ] } }
{ "type": "Feature", "properties": { "participant # overall": "2023-283", "participant by year": "2023-56", "acreage": 0.0115, "latitude": 35.0451773, "longitude": -106.5131788 }, "geometry": { "type": "Point", "coordinates": [ -106.5131788, 35.0451773 ] } }
{ "type": "Feature", "properties": { "participant # overall": "2023-284", "participant by year": "2023-57", "acreage": 0.0344, "latitude": 35.1015187, "longitude": -106.6768131 }, "geometry": { "type": "Point", "coordinates": [ -106.6768131, 35.1015187 ] } }
{ "type": "Feature", "properties": { "participant # overall": "2023-285", "participant by year": "2023-58", "acreage": 0.0115, "latitude": 35.2149673, "longitude": -106.7272481 }, "geometry": { "type": "Point", "coordinates": [ -106.7272481, 35.2149673 ] } }
{ "type": "Feature", "properties": { "participant # overall": "2023-286", "participant by year": "2023-59", "acreage": 0.5051, "latitude": 35.1476511, "longitude": -106.6485146 }, "geometry": { "type": "Point", "coordinates": [ -106.6485146, 35.1476511 ] } }
{ "type": "Feature", "properties": { "participant # overall": "2023-287", "participant by year": "2023-60", "acreage": 0.0344, "latitude": 35.0839715, "longitude": -106.5021657 }, "geometry": { "type": "Point", "coordinates": [ -106.5021657, 35.0839715 ] } }
{ "type": "Feature", "properties": { "participant # overall": "2023-288", "participant by year": "2023-61", "acreage": 0.2525, "latitude": 35.086835, "longitude": -106.598074 }, "geometry": { "type": "Point", "coordinates": [ -106.598074, 35.086835 ] } }
{ "type": "Feature", "properties": { "participant # overall": "2023-289", "participant by year": "2023-62", "acreage": 0.0344, "latitude": 35.094056, "longitude": -106.578963 }, "geometry": { "type": "Point", "coordinates": [ -106.578963, 35.094056 ] } }
{ "type": "Feature", "properties": { "participant # overall": "2023-290", "participant by year": "2023-63", "acreage": 0.0007, "latitude": 35.089138, "longitude": -106.509729 }, "geometry": { "type": "Point", "coordinates": [ -106.509729, 35.089138 ] } }
{ "type": "Feature", "properties": { "participant # overall": "2023-291", "participant by year": "2023-64", "acreage": 0.023, "latitude": 35.187913, "longitude": -106.629153 }, "geometry": { "type": "Point", "coordinates": [ -106.629153, 35.187913 ] } }
{ "type": "Feature", "properties": { "participant # overall": "2023-292", "participant by year": "2023-65", "acreage": 0.0574, "latitude": 35.25525, "longitude": -106.599268 }, "geometry": { "type": "Point", "coordinates": [ -106.599268, 35.25525 ] } }
{ "type": "Feature", "properties": { "participant # overall": "2023-293", "participant by year": "2023-66", "acreage": 0.6887, "latitude": 35.023683, "longitude": -106.685483 }, "geometry": { "type": "Point", "coordinates": [ -106.685483, 35.023683 ] } }
{ "type": "Feature", "properties": { "participant # overall": "2023-294", "participant by year": "2023-67", "acreage": 1.0101, "latitude": 35.109501, "longitude": -106.677701 }, "geometry": { "type": "Point", "coordinates": [ -106.677701, 35.109501 ] } }
{ "type": "Feature", "properties": { "participant # overall": "2023-295", "participant by year": "2023-68", "acreage": 0.5051, "latitude": 35.172248, "longitude": -106.538671 }, "geometry": { "type": "Point", "coordinates": [ -106.538671, 35.172248 ] } }
{ "type": "Feature", "properties": { "participant # overall": "2023-296", "participant by year": "2023-69", "acreage": 0.1722, "latitude": 35.128102, "longitude": -106.492655 }, "geometry": { "type": "Point", "coordinates": [ -106.492655, 35.128102 ] } }
{ "type": "Feature", "properties": { "participant # overall": "2023-297", "participant by year": "2023-70", "acreage": 0.0574, "latitude": 35.148015, "longitude": -106.515984 }, "geometry": { "type": "Point", "coordinates": [ -106.515984, 35.148015 ] } }
{ "type": "Feature", "properties": { "participant # overall": "2023-298", "participant by year": "2023-71", "acreage": 0.2525, "latitude": 35.176909, "longitude": -106.681474 }, "geometry": { "type": "Point", "coordinates": [ -106.681474, 35.176909 ] } }
{ "type": "Feature", "properties": { "participant # overall": "2023-299", "participant by year": "2023-72", "acreage": 0.0574, "latitude": 35.114236, "longitude": -106.545035 }, "geometry": { "type": "Point", "coordinates": [ -106.545035, 35.114236 ] } }
{ "type": "Feature", "properties": { "participant # overall": "2023-300", "participant by year": "2023-73", "acreage": 0.0574, "latitude": 35.112481, "longitude": -106.671847 }, "geometry": { "type": "Point", "coordinates": [ -106.671847, 35.112481 ] } }
{ "type": "Feature", "properties": { "participant # overall": "2023-301", "participant by year": "2023-74", "acreage": 0.023, "latitude": 35.124856, "longitude": -106.580805 }, "geometry": { "type": "Point", "coordinates": [ -106.580805, 35.124856 ] } }
{ "type": "Feature", "properties": { "participant # overall": "2023-302", "participant by year": "2023-75", "acreage": 0.0574, "latitude": 35.089348, "longitude": -106.654742 }, "geometry": { "type": "Point", "coordinates": [ -106.654742, 35.089348 ] } }
{ "type": "Feature", "properties": { "participant # overall": "2023-303", "participant by year": "2023-76", "acreage": 0.023, "latitude": 35.098578, "longitude": -106.592643 }, "geometry": { "type": "Point", "coordinates": [ -106.592643, 35.098578 ] } }
{ "type": "Feature", "properties": { "participant # overall": "2023-304", "participant by year": "2023-77", "acreage": 0.0374, "latitude": 35.064652, "longitude": -106.598877 }, "geometry": { "type": "Point", "coordinates": [ -106.598877, 35.064652 ] } }
{ "type": "Feature", "properties": { "participant # overall": "2023-305", "participant by year": "2023-78", "acreage": 0.0115, "latitude": 35.094495, "longitude": -106.674334 }, "geometry": { "type": "Point", "coordinates": [ -106.674334, 35.094495 ] } }
{ "type": "Feature", "properties": { "participant # overall": "2023-306", "participant by year": "2023-79", "acreage": 0.1148, "latitude": 35.100896, "longitude": -106.553092 }, "geometry": { "type": "Point", "coordinates": [ -106.553092, 35.100896 ] } }
{ "type": "Feature", "properties": { "participant # overall": "2023-307", "participant by year": "2023-80", "acreage": 0.0115, "latitude": 35.13616, "longitude": -106.659251 }, "geometry": { "type": "Point", "coordinates": [ -106.659251, 35.13616 ] } }
{ "type": "Feature", "properties": { "participant # overall": "2023-308", "participant by year": "2023-81", "acreage": 0.0115, "latitude": 35.226744, "longitude": -106.634127 }, "geometry": { "type": "Point", "coordinates": [ -106.634127, 35.226744 ] } }
{ "type": "Feature", "properties": { "participant # overall": "2023-309", "participant by year": "2023-82", "acreage": 0.5051, "latitude": 35.171, "longitude": -106.548401 }, "geometry": { "type": "Point", "coordinates": [ -106.548401, 35.171 ] } }
{ "type": "Feature", "properties": { "participant # overall": "2023-310", "participant by year": "2023-83", "acreage": 0.9871, "latitude": 35.082397, "longitude": -106.589369 }, "geometry": { "type": "Point", "coordinates": [ -106.589369, 35.082397 ] } }
{ "type": "Feature", "properties": { "participant # overall": "2023-311", "participant by year": "2023-84", "acreage": 0.2525, "latitude": 35.107478, "longitude": -106.55547 }, "geometry": { "type": "Point", "coordinates": [ -106.55547, 35.107478 ] } }
{ "type": "Feature", "properties": { "participant # overall": "2023-312", "participant by year": "2023-85", "acreage": 0.1148, "latitude": 35.092399, "longitude": -106.602123 }, "geometry": { "type": "Point", "coordinates": [ -106.602123, 35.092399 ] } }
{ "type": "Feature", "properties": { "participant # overall": "2023-313", "participant by year": "2023-86", "acreage": 0.0574, "latitude": 35.316646, "longitude": -106.480511 }, "geometry": { "type": "Point", "coordinates": [ -106.480511, 35.316646 ] } }
{ "type": "Feature", "properties": { "participant # overall": "2023-314", "participant by year": "2023-87", "acreage": 0.1722, "latitude": 35.184258, "longitude": -106.49797 }, "geometry": { "type": "Point", "coordinates": [ -106.49797, 35.184258 ] } }
{ "type": "Feature", "properties": { "participant # overall": "2023-315", "participant by year": "2023-88", "acreage": 2.0, "latitude": 35.146542, "longitude": -106.25164 }, "geometry": { "type": "Point", "coordinates": [ -106.25164, 35.146542 ] } }
{ "type": "Feature", "properties": { "participant # overall": "2023-316", "participant by year": "2023-89", "acreage": 2.0, "latitude": 35.102134, "longitude": -106.585593 }, "geometry": { "type": "Point", "coordinates": [ -106.585593, 35.102134 ] } }
{ "type": "Feature", "properties": { "participant # overall": "2023-317", "participant by year": "2023-90", "acreage": 2.0, "latitude": 35.147537, "longitude": -106.516633 }, "geometry": { "type": "Point", "coordinates": [ -106.516633, 35.147537 ] } }
{ "type": "Feature", "properties": { "participant # overall": "2023-319", "participant by year": "2023-92", "acreage": 0.1148, "latitude": 35.118646, "longitude": -106.600839 }, "geometry": { "type": "Point", "coordinates": [ -106.600839, 35.118646 ] } }
{ "type": "Feature", "properties": { "participant # overall": "2023-320", "participant by year": "2023-93", "acreage": 0.1148, "latitude": 35.30015, "longitude": -106.58785 }, "geometry": { "type": "Point", "coordinates": [ -106.58785, 35.30015 ] } }
{ "type": "Feature", "properties": { "participant # overall": "2023-321", "participant by year": "2023-94", "acreage": 0.1148, "latitude": 35.092145, "longitude": -106.580066 }, "geometry": { "type": "Point", "coordinates": [ -106.580066, 35.092145 ] } }
{ "type": "Feature", "properties": { "participant # overall": "2023-322", "participant by year": "2023-95", "acreage": 0.1148, "latitude": 35.093962, "longitude": -106.593812 }, "geometry": { "type": "Point", "coordinates": [ -106.593812, 35.093962 ] } }
{ "type": "Feature", "properties": { "participant # overall": "2023-323", "participant by year": "2023-96", "acreage": 0.0344, "latitude": 35.314516, "longitude": -106.594664 }, "geometry": { "type": "Point", "coordinates": [ -106.594664, 35.314516 ] } }
{ "type": "Feature", "properties": { "participant # overall": "2023-324", "participant by year": "2023-97", "acreage": 0.2525, "latitude": 35.080343, "longitude": -106.593881 }, "geometry": { "type": "Point", "coordinates": [ -106.593881, 35.080343 ] } }
{ "type": "Feature", "properties": { "participant # overall": "2023-325", "participant by year": "2023-98", "acreage": 0.2525, "latitude": 35.115578, "longitude": -106.658188 }, "geometry": { "type": "Point", "coordinates": [ -106.658188, 35.115578 ] } }
{ "type": "Feature", "properties": { "participant # overall": "2023-326", "participant by year": "2023-99", "acreage": 0.2525, "latitude": 35.126375, "longitude": -106.649141 }, "geometry": { "type": "Point", "coordinates": [ -106.649141, 35.126375 ] } }
{ "type": "Feature", "properties": { "participant # overall": "2023-327", "participant by year": "2023-100", "acreage": 0.1148, "latitude": 35.13684, "longitude": -106.505426 }, "geometry": { "type": "Point", "coordinates": [ -106.505426, 35.13684 ] } }
{ "type": "Feature", "properties": { "participant # overall": "2023-328", "participant by year": "2023-101", "acreage": 0.1722, "latitude": 35.138876, "longitude": -106.711258 }, "geometry": { "type": "Point", "coordinates": [ -106.711258, 35.138876 ] } }
{ "type": "Feature", "properties": { "participant # overall": "2023-329", "participant by year": "2023-102", "acreage": 0.0023, "latitude": 35.09434, "longitude": -106.664754 }, "geometry": { "type": "Point", "coordinates": [ -106.664754, 35.09434 ] } }
{ "type": "Feature", "properties": { "participant # overall": "2023-330", "participant by year": "2023-103", "acreage": 0.2525, "latitude": 35.136089, "longitude": -106.508368 }, "geometry": { "type": "Point", "coordinates": [ -106.508368, 35.136089 ] } }
{ "type": "Feature", "properties": { "participant # overall": "2023-331", "participant by year": "2023-104", "acreage": 0.0574, "latitude": 35.083078, "longitude": -106.596114 }, "geometry": { "type": "Point", "coordinates": [ -106.596114, 35.083078 ] } }
{ "type": "Feature", "properties": { "participant # overall": "2023-332", "participant by year": "2023-105", "acreage": 0.5051, "latitude": 35.305156, "longitude": -106.580851 }, "geometry": { "type": "Point", "coordinates": [ -106.580851, 35.305156 ] } }
{ "type": "Feature", "properties": { "participant # overall": "2023-333", "participant by year": "2023-106", "acreage": 0.023, "latitude": 35.218478, "longitude": -106.702026 }, "geometry": { "type": "Point", "coordinates": [ -106.702026, 35.218478 ] } }
{ "type": "Feature", "properties": { "participant # overall": "2023-334", "participant by year": "2023-107", "acreage": 0.0574, "latitude": 35.127302, "longitude": -106.501997 }, "geometry": { "type": "Point", "coordinates": [ -106.501997, 35.127302 ] } }
{ "type": "Feature", "properties": { "participant # overall": "2023-335", "participant by year": "2023-108", "acreage": 0.0046, "latitude": 35.097382, "longitude": -106.505334 }, "geometry": { "type": "Point", "coordinates": [ -106.505334, 35.097382 ] } }
{ "type": "Feature", "properties": { "participant # overall": "2023-336", "participant by year": "2023-109", "acreage": 0.5051, "latitude": 35.085593, "longitude": -106.598485 }, "geometry": { "type": "Point", "coordinates": [ -106.598485, 35.085593 ] } }
{ "type": "Feature", "properties": { "participant # overall": "2023-337", "participant by year": "2023-110", "acreage": 0.0574, "latitude": 35.144384, "longitude": -106.654154 }, "geometry": { "type": "Point", "coordinates": [ -106.654154, 35.144384 ] } }
{ "type": "Feature", "properties": { "participant # overall": "2023-338", "participant by year": "2023-111", "acreage": 0.1148, "latitude": 35.096485, "longitude": -106.680038 }, "geometry": { "type": "Point", "coordinates": [ -106.680038, 35.096485 ] } }
{ "type": "Feature", "properties": { "participant # overall": "2023-339", "participant by year": "2023-112", "acreage": 0.1722, "latitude": 35.066188, "longitude": -106.670235 }, "geometry": { "type": "Point", "coordinates": [ -106.670235, 35.066188 ] } }
{ "type": "Feature", "properties": { "participant # overall": "2023-340", "participant by year": "2023-113", "acreage": 0.2525, "latitude": 35.047178, "longitude": -106.689765 }, "geometry": { "type": "Point", "coordinates": [ -106.689765, 35.047178 ] } }
{ "type": "Feature", "properties": { "participant # overall": "2023-341", "participant by year": "2023-114", "acreage": 0.1722, "latitude": 35.158486, "longitude": -106.705197 }, "geometry": { "type": "Point", "coordinates": [ -106.705197, 35.158486 ] } }
{ "type": "Feature", "properties": { "participant # overall": "2023-342", "participant by year": "2023-115", "acreage": 0.2525, "latitude": 35.062128, "longitude": -106.587148 }, "geometry": { "type": "Point", "coordinates": [ -106.587148, 35.062128 ] } }
{ "type": "Feature", "properties": { "participant # overall": "2023-343", "participant by year": "2023-116", "acreage": 0.1148, "latitude": 35.060644, "longitude": -106.577329 }, "geometry": { "type": "Point", "coordinates": [ -106.577329, 35.060644 ] } }
{ "type": "Feature", "properties": { "participant # overall": "2023-344", "participant by year": "2023-117", "acreage": 0.0011, "latitude": 35.058979, "longitude": -106.592587 }, "geometry": { "type": "Point", "coordinates": [ -106.592587, 35.058979 ] } }
{ "type": "Feature", "properties": { "participant # overall": "2023-345", "participant by year": "2023-118", "acreage": 0.0046, "latitude": 35.135702, "longitude": -106.496343 }, "geometry": { "type": "Point", "coordinates": [ -106.496343, 35.135702 ] } }
{ "type": "Feature", "properties": { "participant # overall": "2023-346", "participant by year": "2023-119", "acreage": 0.0115, "latitude": 35.069814, "longitude": -106.613118 }, "geometry": { "type": "Point", "coordinates": [ -106.613118, 35.069814 ] } }
{ "type": "Feature", "properties": { "participant # overall": "2023-347", "participant by year": "2023-120", "acreage": 0.023, "latitude": 35.731199, "longitude": -105.967303 }, "geometry": { "type": "Point", "coordinates": [ -105.967303, 35.731199 ] } }
{ "type": "Feature", "properties": { "participant # overall": "2023-348", "participant by year": "2023-121", "acreage": 0.0115, "latitude": 34.993875, "longitude": -106.669523 }, "geometry": { "type": "Point", "coordinates": [ -106.669523, 34.993875 ] } }
{ "type": "Feature", "properties": { "participant # overall": "2023-349", "participant by year": "2023-122", "acreage": 0.0115, "latitude": 35.122947, "longitude": -106.497198 }, "geometry": { "type": "Point", "coordinates": [ -106.497198, 35.122947 ] } }
{ "type": "Feature", "properties": { "participant # overall": "2023-350", "participant by year": "2023-123", "acreage": 0.0115, "latitude": 35.074752, "longitude": -106.609306 }, "geometry": { "type": "Point", "coordinates": [ -106.609306, 35.074752 ] } }
{ "type": "Feature", "properties": { "participant # overall": "2023-351", "participant by year": "2023-124", "acreage": 0.023, "latitude": 35.066783, "longitude": -106.609746 }, "geometry": { "type": "Point", "coordinates": [ -106.609746, 35.066783 ] } }
{ "type": "Feature", "properties": { "participant # overall": "2023-352", "participant by year": "2023-125", "acreage": 0.0115, "latitude": 35.11974, "longitude": -106.540651 }, "geometry": { "type": "Point", "coordinates": [ -106.540651, 35.11974 ] } }
{ "type": "Feature", "properties": { "participant # overall": "2023-353", "participant by year": "2023-126", "acreage": 0.1722, "latitude": 35.10301, "longitude": -106.754265 }, "geometry": { "type": "Point", "coordinates": [ -106.754265, 35.10301 ] } }
{ "type": "Feature", "properties": { "participant # overall": "2023-354", "participant by year": "2023-127", "acreage": 0.0011, "latitude": 35.139627, "longitude": -106.65902 }, "geometry": { "type": "Point", "coordinates": [ -106.65902, 35.139627 ] } }
{ "type": "Feature", "properties": { "participant # overall": "2023-355", "participant by year": "2023-128", "acreage": 0.0023, "latitude": 35.117807, "longitude": -106.583982 }, "geometry": { "type": "Point", "coordinates": [ -106.583982, 35.117807 ] } }
{ "type": "Feature", "properties": { "participant # overall": "2023-356", "participant by year": "2023-129", "acreage": 0.0023, "latitude": 35.077518, "longitude": -106.684336 }, "geometry": { "type": "Point", "coordinates": [ -106.684336, 35.077518 ] } }
{ "type": "Feature", "properties": { "participant # overall": "2023-357", "participant by year": "2023-130", "acreage": 0.2525, "latitude": 35.22898, "longitude": -106.648964 }, "geometry": { "type": "Point", "coordinates": [ -106.648964, 35.22898 ] } }
{ "type": "Feature", "properties": { "participant # overall": "2023-358", "participant by year": "2023-131", "acreage": 0.0574, "latitude": 35.059276, "longitude": -106.667352 }, "geometry": { "type": "Point", "coordinates": [ -106.667352, 35.059276 ] } }
{ "type": "Feature", "properties": { "participant # overall": "2024-359", "participant by year": "2024-1", "acreage": 0.023, "latitude": 35.112611, "longitude": -106.5718 }, "geometry": { "type": "Point", "coordinates": [ -106.5718, 35.112611 ] } }
{ "type": "Feature", "properties": { "participant # overall": "2024-360", "participant by year": "2024-2", "acreage": 0.5051, "latitude": 35.164542, "longitude": -106.735242 }, "geometry": { "type": "Point", "coordinates": [ -106.735242, 35.164542 ] } }
{ "type": "Feature", "properties": { "participant # overall": "2024-361", "participant by year": "2024-3", "acreage": 0.0574, "latitude": 35.185375, "longitude": -106.54588 }, "geometry": { "type": "Point", "coordinates": [ -106.54588, 35.185375 ] } }
{ "type": "Feature", "properties": { "participant # overall": "2024-362", "participant by year": "2024-4", "acreage": 0.0115, "latitude": 35.0816, "longitude": -106.6769 }, "geometry": { "type": "Point", "coordinates": [ -106.6769, 35.0816 ] } }
{ "type": "Feature", "properties": { "participant # overall": "2024-363", "participant by year": "2024-5", "acreage": 1.0101, "latitude": 35.242371, "longitude": -106.605807 }, "geometry": { "type": "Point", "coordinates": [ -106.605807, 35.242371 ] } }
{ "type": "Feature", "properties": { "participant # overall": "2024-364", "participant by year": "2024-6", "acreage": 1.0101, "latitude": 35.11863, "longitude": -106.573849 }, "geometry": { "type": "Point", "coordinates": [ -106.573849, 35.11863 ] } }
{ "type": "Feature", "properties": { "participant # overall": "2024-365", "participant by year": "2024-7", "acreage": 1.0101, "latitude": 35.121177, "longitude": -106.578295 }, "geometry": { "type": "Point", "coordinates": [ -106.578295, 35.121177 ] } }
{ "type": "Feature", "properties": { "participant # overall": "2024-366", "participant by year": "2024-8", "acreage": 0.0459, "latitude": 35.236804, "longitude": -106.641166 }, "geometry": { "type": "Point", "coordinates": [ -106.641166, 35.236804 ] } }
{ "type": "Feature", "properties": { "participant # overall": "2024-367", "participant by year": "2024-9", "acreage": 0.0918, "latitude": 35.093657, "longitude": -106.482999 }, "geometry": { "type": "Point", "coordinates": [ -106.482999, 35.093657 ] } }
{ "type": "Feature", "properties": { "participant # overall": "2024-368", "participant by year": "2024-10", "acreage": 1.0101, "latitude": 34.970036, "longitude": -106.32421 }, "geometry": { "type": "Point", "coordinates": [ -106.32421, 34.970036 ] } }
{ "type": "Feature", "properties": { "participant # overall": "2024-369", "participant by year": "2024-11", "acreage": 0.0918, "latitude": 35.163961, "longitude": -106.654596 }, "geometry": { "type": "Point", "coordinates": [ -106.654596, 35.163961 ] } }
{ "type": "Feature", "properties": { "participant # overall": "2024-370", "participant by year": "2024-12", "acreage": 2.0202, "latitude": 35.053246, "longitude": -106.705456 }, "geometry": { "type": "Point", "coordinates": [ -106.705456, 35.053246 ] } }
{ "type": "Feature", "properties": { "participant # overall": "2024-371", "participant by year": "2024-13", "acreage": 2.0, "latitude": 35.117555, "longitude": -106.549118 }, "geometry": { "type": "Point", "coordinates": [ -106.549118, 35.117555 ] } }
{ "type": "Feature", "properties": { "participant # overall": "2024-372", "participant by year": "2024-14", "acreage": 0.1148, "latitude": 35.077448, "longitude": -106.603549 }, "geometry": { "type": "Point", "coordinates": [ -106.603549, 35.077448 ] } }
{ "type": "Feature", "properties": { "participant # overall": "2024-373", "participant by year": "2024-15", "acreage": 0.2525, "latitude": 35.167786, "longitude": -106.503747 }, "geometry": { "type": "Point", "coordinates": [ -106.503747, 35.167786 ] } }
{ "type": "Feature", "properties": { "participant # overall": "2024-374", "participant by year": "2024-16", "acreage": 0.0344, "latitude": 35.090966, "longitude": -106.609481 }, "geometry": { "type": "Point", "coordinates": [ -106.609481, 35.090966 ] } }
{ "type": "Feature", "properties": { "participant # overall": "2024-375", "participant by year": "2024-17", "acreage": 1.0101, "latitude": 35.123418, "longitude": -106.576155 }, "geometry": { "type": "Point", "coordinates": [ -106.576155, 35.123418 ] } }
{ "type": "Feature", "properties": { "participant # overall": "2024-376", "participant by year": "2024-18", "acreage": 0.0574, "latitude": 35.227594, "longitude": -106.606551 }, "geometry": { "type": "Point", "coordinates": [ -106.606551, 35.227594 ] } }
{ "type": "Feature", "properties": { "participant # overall": "2024-377", "participant by year": "2024-19", "acreage": 0.023, "latitude": 35.307352, "longitude": -106.459623 }, "geometry": { "type": "Point", "coordinates": [ -106.459623, 35.307352 ] } }
{ "type": "Feature", "properties": { "participant # overall": "2024-378", "participant by year": "2024-20", "acreage": 1.0, "latitude": 35.169482, "longitude": -106.511693 }, "geometry": { "type": "Point", "coordinates": [ -106.511693, 35.169482 ] } }
{ "type": "Feature", "properties": { "participant # overall": "2024-379", "participant by year": "2024-21", "acreage": 0.0253, "latitude": 35.10161, "longitude": -106.553434 }, "geometry": { "type": "Point", "coordinates": [ -106.553434, 35.10161 ] } }
{ "type": "Feature", "properties": { "participant # overall": "2024-380", "participant by year": "2024-22", "acreage": 0.9871, "latitude": 35.064457, "longitude": -106.591245 }, "geometry": { "type": "Point", "coordinates": [ -106.591245, 35.064457 ] } }
{ "type": "Feature", "properties": { "participant # overall": "2024-381", "participant by year": "2024-23", "acreage": 0.0344, "latitude": 35.202261, "longitude": -106.749314 }, "geometry": { "type": "Point", "coordinates": [ -106.749314, 35.202261 ] } }
{ "type": "Feature", "properties": { "participant # overall": "2024-382", "participant by year": "2024-24", "acreage": 0.1722, "latitude": 35.098845, "longitude": -106.6397 }, "geometry": { "type": "Point", "coordinates": [ -106.6397, 35.098845 ] } }
{ "type": "Feature", "properties": { "participant # overall": "2024-383", "participant by year": "2024-25", "acreage": 0.023, "latitude": 35.119584, "longitude": -106.528875 }, "geometry": { "type": "Point", "coordinates": [ -106.528875, 35.119584 ] } }
{ "type": "Feature", "properties": { "participant # overall": "2024-384", "participant by year": "2024-27", "acreage": 0.023, "latitude": 35.059665, "longitude": -106.593502 }, "geometry": { "type": "Point", "coordinates": [ -106.593502, 35.059665 ] } }
{ "type": "Feature", "properties": { "participant # overall": "2024-385", "participant by year": "2024-28", "acreage": 0.1722, "latitude": 35.123365, "longitude": -106.572353 }, "geometry": { "type": "Point", "coordinates": [ -106.572353, 35.123365 ] } }
{ "type": "Feature", "properties": { "participant # overall": "2024-386", "participant by year": "2024-29", "acreage": 0.023, "latitude": 35.172946, "longitude": -106.694941 }, "geometry": { "type": "Point", "coordinates": [ -106.694941, 35.172946 ] } }
{ "type": "Feature", "properties": { "participant # overall": "2024-387", "participant by year": "2024-30", "acreage": 0.0344, "latitude": 35.166161, "longitude": -106.705022 }, "geometry": { "type": "Point", "coordinates": [ -106.705022, 35.166161 ] } }
{ "type": "Feature", "properties": { "participant # overall": "2024-388", "participant by year": "2024-31", "acreage": 0.023, "latitude": 35.092737, "longitude": -106.596216 }, "geometry": { "type": "Point", "coordinates": [ -106.596216, 35.092737 ] } }
{ "type": "Feature", "properties": { "participant # overall": "2024-389", "participant by year": "2024-32", "acreage": 0.0459, "latitude": 35.145328, "longitude": -106.651802 }, "geometry": { "type": "Point", "coordinates": [ -106.651802, 35.145328 ] } }
{ "type": "Feature", "properties": { "participant # overall": "2024-390", "participant by year": "2024-33", "acreage": 0.1722, "latitude": 35.140081, "longitude": -106.540899 }, "geometry": { "type": "Point", "coordinates": [ -106.540899, 35.140081 ] } }
{ "type": "Feature", "properties": { "participant # overall": "2024-391", "participant by year": "2024-34", "acreage": 0.5, "latitude": 35.174192, "longitude": -106.690757 }, "geometry": { "type": "Point", "coordinates": [ -106.690757, 35.174192 ] } }
{ "type": "Feature", "properties": { "participant # overall": "2024-392", "participant by year": "2024-35", "acreage": 0.0574, "latitude": 35.158571, "longitude": -106.570639 }, "geometry": { "type": "Point", "coordinates": [ -106.570639, 35.158571 ] } }
{ "type": "Feature", "properties": { "participant # overall": "2024-393", "participant by year": "2024-36", "acreage": 0.1722, "latitude": 35.142998, "longitude": -106.647235 }, "geometry": { "type": "Point", "coordinates": [ -106.647235, 35.142998 ] } }
{ "type": "Feature", "properties": { "participant # overall": "2024-934", "participant by year": "2024-37", "acreage": 0.0344, "latitude": 35.137252, "longitude": -106.562915 }, "geometry": { "type": "Point", "coordinates": [ -106.562915, 35.137252 ] } }
{ "type": "Feature", "properties": { "participant # overall": "2024-395", "participant by year": "2024-38", "acreage": 0.023, "latitude": 35.063459, "longitude": -106.596693 }, "geometry": { "type": "Point", "coordinates": [ -106.596693, 35.063459 ] } }
{ "type": "Feature", "properties": { "participant # overall": "2024-396", "participant by year": "2024-39", "acreage": 0.2525, "latitude": 35.223091, "longitude": -106.617685 }, "geometry": { "type": "Point", "coordinates": [ -106.617685, 35.223091 ] } }
{ "type": "Feature", "properties": { "participant # overall": "2024-397", "participant by year": "2024-40", "acreage": 0.0011, "latitude": 35.014649, "longitude": -106.692433 }, "geometry": { "type": "Point", "coordinates": [ -106.692433, 35.014649 ] } }
{ "type": "Feature", "properties": { "participant # overall": "2024-398", "participant by year": "2024-41", "acreage": 0.1148, "latitude": 35.153585, "longitude": -106.679672 }, "geometry": { "type": "Point", "coordinates": [ -106.679672, 35.153585 ] } }
{ "type": "Feature", "properties": { "participant # overall": "2024-399", "participant by year": "2024-42", "acreage": 0.0344, "latitude": 35.072116, "longitude": -106.580565 }, "geometry": { "type": "Point", "coordinates": [ -106.580565, 35.072116 ] } }
{ "type": "Feature", "properties": { "participant # overall": "2024-400", "participant by year": "2024-43", "acreage": 1.0, "latitude": 35.126266, "longitude": -106.669096 }, "geometry": { "type": "Point", "coordinates": [ -106.669096, 35.126266 ] } }
{ "type": "Feature", "properties": { "participant # overall": "2024-401", "participant by year": "2024-44", "acreage": 0.0115, "latitude": 35.142438, "longitude": -106.692942 }, "geometry": { "type": "Point", "coordinates": [ -106.692942, 35.142438 ] } }
{ "type": "Feature", "properties": { "participant # overall": "2024-402", "participant by year": "2024-45", "acreage": 0.3, "latitude": 35.150221, "longitude": -106.511478 }, "geometry": { "type": "Point", "coordinates": [ -106.511478, 35.150221 ] } }
{ "type": "Feature", "properties": { "participant # overall": "2024-403", "participant by year": "2024-46", "acreage": 0.0115, "latitude": 35.263285, "longitude": -106.666282 }, "geometry": { "type": "Point", "coordinates": [ -106.666282, 35.263285 ] } }
{ "type": "Feature", "properties": { "participant # overall": "2024-404", "participant by year": "2024-47", "acreage": 0.023, "latitude": 35.094406, "longitude": -106.494331 }, "geometry": { "type": "Point", "coordinates": [ -106.494331, 35.094406 ] } }
{ "type": "Feature", "properties": { "participant # overall": "2024-405", "participant by year": "2024-48", "acreage": 0.0046, "latitude": 35.071261, "longitude": -106.596151 }, "geometry": { "type": "Point", "coordinates": [ -106.596151, 35.071261 ] } }
{ "type": "Feature", "properties": { "participant # overall": "2024-406", "participant by year": "2024-49", "acreage": 0.1722, "latitude": 35.079203, "longitude": -106.543964 }, "geometry": { "type": "Point", "coordinates": [ -106.543964, 35.079203 ] } }
{ "type": "Feature", "properties": { "participant # overall": "2024-407", "participant by year": "2024-50", "acreage": 0.023, "latitude": 35.114949, "longitude": -106.673262 }, "geometry": { "type": "Point", "coordinates": [ -106.673262, 35.114949 ] } }
{ "type": "Feature", "properties": { "participant # overall": "2024-408", "participant by year": "2024-51", "acreage": 0.1148, "latitude": 35.092563, "longitude": -106.534735 }, "geometry": { "type": "Point", "coordinates": [ -106.534735, 35.092563 ] } }
{ "type": "Feature", "properties": { "participant # overall": "2024-409", "participant by year": "2024-52", "acreage": 0.0046, "latitude": 35.121961, "longitude": -106.537028 }, "geometry": { "type": "Point", "coordinates": [ -106.537028, 35.121961 ] } }
{ "type": "Feature", "properties": { "participant # overall": "2024-410", "participant by year": "2024-53", "acreage": 0.5051, "latitude": 35.161368, "longitude": -106.548856 }, "geometry": { "type": "Point", "coordinates": [ -106.548856, 35.161368 ] } }
{ "type": "Feature", "properties": { "participant # overall": "2024-411", "participant by year": "2024-54", "acreage": 0.023, "latitude": 35.118919, "longitude": -106.570078 }, "geometry": { "type": "Point", "coordinates": [ -106.570078, 35.118919 ] } }
{ "type": "Feature", "properties": { "participant # overall": "2024-412", "participant by year": "2024-55", "acreage": 0.0344, "latitude": 35.124832, "longitude": -106.676407 }, "geometry": { "type": "Point", "coordinates": [ -106.676407, 35.124832 ] } }
{ "type": "Feature", "properties": { "participant # overall": "2024-413", "participant by year": "2024-56", "acreage": 0.1148, "latitude": 35.122586, "longitude": -106.554747 }, "geometry": { "type": "Point", "coordinates": [ -106.554747, 35.122586 ] } }
{ "type": "Feature", "properties": { "participant # overall": "2024-414", "participant by year": "2024-57", "acreage": 0.023, "latitude": 35.274305, "longitude": -106.631778 }, "geometry": { "type": "Point", "coordinates": [ -106.631778, 35.274305 ] } }
{ "type": "Feature", "properties": { "participant # overall": "2024-415", "participant by year": "2024-58", "acreage": 1.0101, "latitude": 35.094408, "longitude": -106.660228 }, "geometry": { "type": "Point", "coordinates": [ -106.660228, 35.094408 ] } }
{ "type": "Feature", "properties": { "participant # overall": "2024-416", "participant by year": "2024-59", "acreage": 1.0101, "latitude": 35.092069, "longitude": -106.591109 }, "geometry": { "type": "Point", "coordinates": [ -106.591109, 35.092069 ] } }
{ "type": "Feature", "properties": { "participant # overall": "2024-417", "participant by year": "2024-60", "acreage": 0.0046, "latitude": 35.144138, "longitude": -106.699832 }, "geometry": { "type": "Point", "coordinates": [ -106.699832, 35.144138 ] } }
{ "type": "Feature", "properties": { "participant # overall": "2024-418", "participant by year": "2024-61", "acreage": 0.023, "latitude": 35.356861, "longitude": -106.688061 }, "geometry": { "type": "Point", "coordinates": [ -106.688061, 35.356861 ] } }
{ "type": "Feature", "properties": { "participant # overall": "2024-419", "participant by year": "2024-62", "acreage": 0.0115, "latitude": 35.132102, "longitude": -106.545708 }, "geometry": { "type": "Point", "coordinates": [ -106.545708, 35.132102 ] } }
{ "type": "Feature", "properties": { "participant # overall": "2024-420", "participant by year": "2024-63", "acreage": 0.023, "latitude": 35.094377, "longitude": -106.570663 }, "geometry": { "type": "Point", "coordinates": [ -106.570663, 35.094377 ] } }
{ "type": "Feature", "properties": { "participant # overall": "2024-421", "participant by year": "2024-64", "acreage": 0.0918, "latitude": 35.081516, "longitude": -106.509988 }, "geometry": { "type": "Point", "coordinates": [ -106.509988, 35.081516 ] } }
{ "type": "Feature", "properties": { "participant # overall": "2024-422", "participant by year": "2024-65", "acreage": 0.0574, "latitude": 35.07378, "longitude": -106.658687 }, "geometry": { "type": "Point", "coordinates": [ -106.658687, 35.07378 ] } }
{ "type": "Feature", "properties": { "participant # overall": "2024-423", "participant by year": "2024-66", "acreage": 0.1722, "latitude": 35.231761, "longitude": -106.67348 }, "geometry": { "type": "Point", "coordinates": [ -106.67348, 35.231761 ] } }
{ "type": "Feature", "properties": { "participant # overall": "2024-424", "participant by year": "2024-67", "acreage": 0.1033, "latitude": 35.041978, "longitude": -106.691453 }, "geometry": { "type": "Point", "coordinates": [ -106.691453, 35.041978 ] } }
{ "type": "Feature", "properties": { "participant # overall": "2024-425", "participant by year": "2024-68", "acreage": 0.5051, "latitude": 35.118623, "longitude": -106.573859 }, "geometry": { "type": "Point", "coordinates": [ -106.573859, 35.118623 ] } }
{ "type": "Feature", "properties": { "participant # overall": "2024-426", "participant by year": "2024-69", "acreage": 0.0344, "latitude": 35.09735, "longitude": -106.575515 }, "geometry": { "type": "Point", "coordinates": [ -106.575515, 35.09735 ] } }
{ "type": "Feature", "properties": { "participant # overall": "2024-427", "participant by year": "2024-70", "acreage": 0.1148, "latitude": 35.149851, "longitude": -106.510177 }, "geometry": { "type": "Point", "coordinates": [ -106.510177, 35.149851 ] } }
{ "type": "Feature", "properties": { "participant # overall": "2024-428", "participant by year": "2024-71", "acreage": 0.1033, "latitude": 35.305776, "longitude": -106.583138 }, "geometry": { "type": "Point", "coordinates": [ -106.583138, 35.305776 ] } }
{ "type": "Feature", "properties": { "participant # overall": "2024-429", "participant by year": "2024-72", "acreage": 0.1148, "latitude": 35.109664, "longitude": -106.530512 }, "geometry": { "type": "Point", "coordinates": [ -106.530512, 35.109664 ] } }
{ "type": "Feature", "properties": { "participant # overall": "2024-430", "participant by year": "2024-73", "acreage": 0.0344, "latitude": 35.002025, "longitude": -106.69715 }, "geometry": { "type": "Point", "coordinates": [ -106.69715, 35.002025 ] } }
{ "type": "Feature", "properties": { "participant # overall": "2024-431", "participant by year": "2024-74", "acreage": 0.2525, "latitude": 35.094403, "longitude": -106.494449 }, "geometry": { "type": "Point", "coordinates": [ -106.494449, 35.094403 ] } }
{ "type": "Feature", "properties": { "participant # overall": "2024-432", "participant by year": "2024-75", "acreage": 0.5051, "latitude": 35.134659, "longitude": -106.636815 }, "geometry": { "type": "Point", "coordinates": [ -106.636815, 35.134659 ] } }
{ "type": "Feature", "properties": { "participant # overall": "2024-433", "participant by year": "2024-76", "acreage": 0.0115, "latitude": 35.324603, "longitude": -106.583705 }, "geometry": { "type": "Point", "coordinates": [ -106.583705, 35.324603 ] } }
{ "type": "Feature", "properties": { "participant # overall": "2024-434", "participant by year": "2024-77", "acreage": 0.2, "latitude": 35.097801, "longitude": -106.495278 }, "geometry": { "type": "Point", "coordinates": [ -106.495278, 35.097801 ] } }
{ "type": "Feature", "properties": { "participant # overall": "2024-435", "participant by year": "2024-78", "acreage": 0.1148, "latitude": 35.111636, "longitude": -106.511569 }, "geometry": { "type": "Point", "coordinates": [ -106.511569, 35.111636 ] } }
{ "type": "Feature", "properties": { "participant # overall": "2024-436", "participant by year": "2024-79", "acreage": 0.0459, "latitude": 35.252054, "longitude": -106.666984 }, "geometry": { "type": "Point", "coordinates": [ -106.666984, 35.252054 ] } }
{ "type": "Feature", "properties": { "participant # overall": "2024-437", "participant by year": "2024-80", "acreage": 0.0115, "latitude": 35.170921, "longitude": -106.515518 }, "geometry": { "type": "Point", "coordinates": [ -106.515518, 35.170921 ] } }
{ "type": "Feature", "properties": { "participant # overall": "2024-438", "participant by year": "2024-81", "acreage": 0.0574, "latitude": 35.074232, "longitude": -106.615574 }, "geometry": { "type": "Point", "coordinates": [ -106.615574, 35.074232 ] } }
{ "type": "Feature", "properties": { "participant # overall": "2024-439", "participant by year": "2024-82", "acreage": 0.5051, "latitude": 35.183221, "longitude": -106.628371 }, "geometry": { "type": "Point", "coordinates": [ -106.628371, 35.183221 ] } }
{ "type": "Feature", "properties": { "participant # overall": "2024-440", "participant by year": "2024-83", "acreage": 0.1722, "latitude": 35.154422, "longitude": -106.633837 }, "geometry": { "type": "Point", "coordinates": [ -106.633837, 35.154422 ] } }
{ "type": "Feature", "properties": { "participant # overall": "2024-441", "participant by year": "2024-84", "acreage": 0.2066, "latitude": 34.964189, "longitude": -106.694293 }, "geometry": { "type": "Point", "coordinates": [ -106.694293, 34.964189 ] } }
{ "type": "Feature", "properties": { "participant # overall": "2024-442", "participant by year": "2024-85", "acreage": 0.5051, "latitude": 35.161832, "longitude": -106.710772 }, "geometry": { "type": "Point", "coordinates": [ -106.710772, 35.161832 ] } }
{ "type": "Feature", "properties": { "participant # overall": "2024-443", "participant by year": "2024-86", "acreage": 1.0, "latitude": 35.170873, "longitude": -106.698794 }, "geometry": { "type": "Point", "coordinates": [ -106.698794, 35.170873 ] } }
{ "type": "Feature", "properties": { "participant # overall": "2024-444", "participant by year": "2024-87", "acreage": 0.2525, "latitude": 35.196328, "longitude": -106.56245 }, "geometry": { "type": "Point", "coordinates": [ -106.56245, 35.196328 ] } }
{ "type": "Feature", "properties": { "participant # overall": "2024-445", "participant by year": "2024-88", "acreage": 0.023, "latitude": 35.119359, "longitude": -106.598032 }, "geometry": { "type": "Point", "coordinates": [ -106.598032, 35.119359 ] } }
{ "type": "Feature", "properties": { "participant # overall": "2024-446", "participant by year": "2024-89", "acreage": 0.0046, "latitude": 35.164065, "longitude": -106.534795 }, "geometry": { "type": "Point", "coordinates": [ -106.534795, 35.164065 ] } }
{ "type": "Feature", "properties": { "participant # overall": "2024-447", "participant by year": "2024-90", "acreage": 0.1148, "latitude": 35.09673, "longitude": -106.553517 }, "geometry": { "type": "Point", "coordinates": [ -106.553517, 35.09673 ] } }
{ "type": "Feature", "properties": { "participant # overall": "2024-448", "participant by year": "2024-91", "acreage": 0.023, "latitude": 35.070841, "longitude": -106.609946 }, "geometry": { "type": "Point", "coordinates": [ -106.609946, 35.070841 ] } }
{ "type": "Feature", "properties": { "participant # overall": "2024-449", "participant by year": "2024-92", "acreage": 0.1148, "latitude": 35.068302, "longitude": -106.642197 }, "geometry": { "type": "Point", "coordinates": [ -106.642197, 35.068302 ] } }
{ "type": "Feature", "properties": { "participant # overall": "2024-450", "participant by year": "2024-93", "acreage": 0.0115, "latitude": 35.048329, "longitude": -106.508512 }, "geometry": { "type": "Point", "coordinates": [ -106.508512, 35.048329 ] } }
{ "type": "Feature", "properties": { "participant # overall": "2024-451", "participant by year": "2024-94", "acreage": 0.5051, "latitude": 35.070984, "longitude": -106.615891 }, "geometry": { "type": "Point", "coordinates": [ -106.615891, 35.070984 ] } }
{ "type": "Feature", "properties": { "participant # overall": "2024-452", "participant by year": "2024-95", "acreage": 0.0046, "latitude": 35.6417, "longitude": -105.978444 }, "geometry": { "type": "Point", "coordinates": [ -105.978444, 35.6417 ] } }
{ "type": "Feature", "properties": { "participant # overall": "2024-453", "participant by year": "2024-96", "acreage": 0.0459, "latitude": 35.092655, "longitude": -106.691838 }, "geometry": { "type": "Point", "coordinates": [ -106.691838, 35.092655 ] } }
{ "type": "Feature", "properties": { "participant # overall": "2024-454", "participant by year": "2024-97", "acreage": 0.0115, "latitude": 35.073563, "longitude": -106.686542 }, "geometry": { "type": "Point", "coordinates": [ -106.686542, 35.073563 ] } }
{ "type": "Feature", "properties": { "participant # overall": "2024-455", "participant by year": "2024-98", "acreage": 0.1148, "latitude": 35.149159, "longitude": -106.515925 }, "geometry": { "type": "Point", "coordinates": [ -106.515925, 35.149159 ] } }
{ "type": "Feature", "properties": { "participant # overall": "2024-456", "participant by year": "2024-99", "acreage": 0.5051, "latitude": 35.087723, "longitude": -106.601864 }, "geometry": { "type": "Point", "coordinates": [ -106.601864, 35.087723 ] } }
{ "type": "Feature", "properties": { "participant # overall": "2024-457", "participant by year": "2024-100", "acreage": 0.0115, "latitude": 35.328193, "longitude": -106.489106 }, "geometry": { "type": "Point", "coordinates": [ -106.489106, 35.328193 ] } }
{ "type": "Feature", "properties": { "participant # overall": "2024-458", "participant by year": "2024-101", "acreage": 0.023, "latitude": 35.111701, "longitude": -106.329894 }, "geometry": { "type": "Point", "coordinates": [ -106.329894, 35.111701 ] } }
{ "type": "Feature", "properties": { "participant # overall": "2024-459", "participant by year": "2024-102", "acreage": 1.1478, "latitude": 35.08469, "longitude": -106.58417 }, "geometry": { "type": "Point", "coordinates": [ -106.58417, 35.08469 ] } }
{ "type": "Feature", "properties": { "participant # overall": "2024-460", "participant by year": "2024-103", "acreage": 1.0, "latitude": 35.076978, "longitude": -106.640672 }, "geometry": { "type": "Point", "coordinates": [ -106.640672, 35.076978 ] } }
{ "type": "Feature", "properties": { "participant # overall": "2024-461", "participant by year": "2024-104", "acreage": 0.1148, "latitude": 35.194565, "longitude": -106.60302 }, "geometry": { "type": "Point", "coordinates": [ -106.60302, 35.194565 ] } }
{ "type": "Feature", "properties": { "participant # overall": "2024-462", "participant by year": "2024-105", "acreage": 0.0574, "latitude": 35.165704, "longitude": -106.614433 }, "geometry": { "type": "Point", "coordinates": [ -106.614433, 35.165704 ] } }
{ "type": "Feature", "properties": { "participant # overall": "2024-463", "participant by year": "2024-106", "acreage": 0.43, "latitude": 35.112545, "longitude": -106.732809 }, "geometry": { "type": "Point", "coordinates": [ -106.732809, 35.112545 ] } }
{ "type": "Feature", "properties": { "participant # overall": "2024-464", "participant by year": "2024-107", "acreage": 0.0574, "latitude": 35.083994, "longitude": -106.502301 }, "geometry": { "type": "Point", "coordinates": [ -106.502301, 35.083994 ] } }
{ "type": "Feature", "properties": { "participant # overall": "2024-465", "participant by year": "2024-108", "acreage": 0.25, "latitude": 35.083983, "longitude": -106.610334 }, "geometry": { "type": "Point", "coordinates": [ -106.610334, 35.083983 ] } }
{ "type": "Feature", "properties": { "participant # overall": "2024-466", "participant by year": "2024-109", "acreage": 0.0344, "latitude": 35.147244, "longitude": -106.694483 }, "geometry": { "type": "Point", "coordinates": [ -106.694483, 35.147244 ] } }
{ "type": "Feature", "properties": { "participant # overall": "2024-467", "participant by year": "2024-110", "acreage": 0.1148, "latitude": 35.085334, "longitude": -106.603468 }, "geometry": { "type": "Point", "coordinates": [ -106.603468, 35.085334 ] } }
{ "type": "Feature", "properties": { "participant # overall": "2024-468", "participant by year": "2024-111", "acreage": 0.1148, "latitude": 35.104495, "longitude": -106.542843 }, "geometry": { "type": "Point", "coordinates": [ -106.542843, 35.104495 ] } }
{ "type": "Feature", "properties": { "participant # overall": "2024-469", "participant by year": "2024-112", "acreage": 0.0574, "latitude": 35.071427, "longitude": -106.640988 }, "geometry": { "type": "Point", "coordinates": [ -106.640988, 35.071427 ] } }
{ "type": "Feature", "properties": { "participant # overall": "2024-470", "participant by year": "2024-113", "acreage": 0.0402, "latitude": 34.85574, "longitude": -106.706573 }, "geometry": { "type": "Point", "coordinates": [ -106.706573, 34.85574 ] } }
{ "type": "Feature", "properties": { "participant # overall": "2024-471", "participant by year": "2024-114", "acreage": 0.0344, "latitude": 35.0857666, "longitude": -106.6405144 }, "geometry": { "type": "Point", "coordinates": [ -106.6405144, 35.0857666 ] } }
{ "type": "Feature", "properties": { "participant # overall": "2024-472", "participant by year": "2024-115", "acreage": 1.0101, "latitude": 35.0899112, "longitude": -106.5889129 }, "geometry": { "type": "Point", "coordinates": [ -106.5889129, 35.0899112 ] } }
{ "type": "Feature", "properties": { "participant # overall": "2024-473", "participant by year": "2024-116", "acreage": 0.023, "latitude": 35.098946, "longitude": -106.654869 }, "geometry": { "type": "Point", "coordinates": [ -106.654869, 35.098946 ] } }
{ "type": "Feature", "properties": { "participant # overall": "2024-474", "participant by year": "2024-117", "acreage": 0.0184, "latitude": 35.151748, "longitude": -106.689627 }, "geometry": { "type": "Point", "coordinates": [ -106.689627, 35.151748 ] } }
{ "type": "Feature", "properties": { "participant # overall": "2024-475", "participant by year": "2024-118", "acreage": 0.0046, "latitude": 34.65, "longitude": -106.76 }, "geometry": { "type": "Point", "coordinates": [ -106.76, 34.65 ] } }
{ "type": "Feature", "properties": { "participant # overall": "2024-476", "participant by year": "2024-119", "acreage": 0.0011, "latitude": 35.094546, "longitude": -106.674645 }, "geometry": { "type": "Point", "coordinates": [ -106.674645, 35.094546 ] } }
{ "type": "Feature", "properties": { "participant # overall": "2024-477", "participant by year": "2024-120", "acreage": 1.0, "latitude": 35.1017957, "longitude": -106.6534649 }, "geometry": { "type": "Point", "coordinates": [ -106.6534649, 35.1017957 ] } }
{ "type": "Feature", "properties": { "participant # overall": "2024-478", "participant by year": "2024-121", "acreage": 0.0115, "latitude": 35.0991612, "longitude": -106.5878994 }, "geometry": { "type": "Point", "coordinates": [ -106.5878994, 35.0991612 ] } }
{ "type": "Feature", "properties": { "participant # overall": "2024-479", "participant by year": "2024-122", "acreage": 0.0275, "latitude": 35.156849, "longitude": -106.553239 }, "geometry": { "type": "Point", "coordinates": [ -106.553239, 35.156849 ] } }
{ "type": "Feature", "properties": { "participant # overall": "2024-480", "participant by year": "2024-123", "acreage": 0.0115, "latitude": 35.190064, "longitude": -106.685798 }, "geometry": { "type": "Point", "coordinates": [ -106.685798, 35.190064 ] } }
{ "type": "Feature", "properties": { "participant # overall": "2024-481", "participant by year": "2024-124", "acreage": 0.0918, "latitude": 34.818993, "longitude": -106.785598 }, "geometry": { "type": "Point", "coordinates": [ -106.785598, 34.818993 ] } }
{ "type": "Feature", "properties": { "participant # overall": "2024-482", "participant by year": "2024-125", "acreage": 0.0115, "latitude": 34.816294, "longitude": -106.794419 }, "geometry": { "type": "Point", "coordinates": [ -106.794419, 34.816294 ] } }
{ "type": "Feature", "properties": { "participant # overall": "2024-483", "participant by year": "2024-126", "acreage": 0.0344, "latitude": 35.145365, "longitude": -106.690331 }, "geometry": { "type": "Point", "coordinates": [ -106.690331, 35.145365 ] } }
{ "type": "Feature", "properties": { "participant # overall": "2024-484", "participant by year": "2024-127", "acreage": 0.1722, "latitude": 34.9876515, "longitude": -106.6770464 }, "geometry": { "type": "Point", "coordinates": [ -106.6770464, 34.9876515 ] } }
{ "type": "Feature", "properties": { "participant # overall": "2024-485", "participant by year": "2024-128", "acreage": 0.0004, "latitude": 35.126299, "longitude": -106.682136 }, "geometry": { "type": "Point", "coordinates": [ -106.682136, 35.126299 ] } }
{ "type": "Feature", "properties": { "participant # overall": "2024-486", "participant by year": "2024-129", "acreage": 1.0, "latitude": 35.2422829, "longitude": -106.7166626 }, "geometry": { "type": "Point", "coordinates": [ -106.7166626, 35.2422829 ] } }
{ "type": "Feature", "properties": { "participant # overall": "2024-487", "participant by year": "2024-130", "acreage": 0.023, "latitude": 35.0744068, "longitude": -106.6419544 }, "geometry": { "type": "Point", "coordinates": [ -106.6419544, 35.0744068 ] } }
{ "type": "Feature", "properties": { "participant # overall": "2024-488", "participant by year": "2024-131", "acreage": 0.023, "latitude": 35.065333, "longitude": -106.6019618 }, "geometry": { "type": "Point", "coordinates": [ -106.6019618, 35.065333 ] } }
{ "type": "Feature", "properties": { "participant # overall": "2024-489", "participant by year": "2024-132", "acreage": 0.0459, "latitude": 35.197365, "longitude": -106.68162 }, "geometry": { "type": "Point", "coordinates": [ -106.68162, 35.197365 ] } }
{ "type": "Feature", "properties": { "participant # overall": "2024-490", "participant by year": "2024-133", "acreage": 0.0918, "latitude": 35.1378884, "longitude": -106.6476162 }, "geometry": { "type": "Point", "coordinates": [ -106.6476162, 35.1378884 ] } }
{ "type": "Feature", "properties": { "participant # overall": "2024-491", "participant by year": "2024-134", "acreage": 0.023, "latitude": 34.6532458, "longitude": -106.7213331 }, "geometry": { "type": "Point", "coordinates": [ -106.7213331, 34.6532458 ] } }
{ "type": "Feature", "properties": { "participant # overall": "2024-492", "participant by year": "2024-135", "acreage": 0.023, "latitude": 35.0919435, "longitude": -106.5905289 }, "geometry": { "type": "Point", "coordinates": [ -106.5905289, 35.0919435 ] } }
{ "type": "Feature", "properties": { "participant # overall": "2024-493", "participant by year": "2024-136", "acreage": 0.1148, "latitude": 35.0989437, "longitude": -106.7338885 }, "geometry": { "type": "Point", "coordinates": [ -106.7338885, 35.0989437 ] } }
{ "type": "Feature", "properties": { "participant # overall": "2024-494", "participant by year": "2024-137", "acreage": 0.0459, "latitude": 35.1031198, "longitude": -106.1699512 }, "geometry": { "type": "Point", "coordinates": [ -106.1699512, 35.1031198 ] } }
{ "type": "Feature", "properties": { "participant # overall": "2024-495", "participant by year": "2024-138", "acreage": 0.1148, "latitude": 35.0989384, "longitude": -106.592925 }, "geometry": { "type": "Point", "coordinates": [ -106.592925, 35.0989384 ] } }
{ "type": "Feature", "properties": { "participant # overall": "2024-496", "participant by year": "2024-139", "acreage": 0.0344, "latitude": 35.1704363, "longitude": -106.6403578 }, "geometry": { "type": "Point", "coordinates": [ -106.6403578, 35.1704363 ] } }
{ "type": "Feature", "properties": { "participant # overall": "2024-497", "participant by year": "2024-140", "acreage": 0.023, "latitude": 35.0792358, "longitude": -106.6256089 }, "geometry": { "type": "Point", "coordinates": [ -106.6256089, 35.0792358 ] } }
{ "type": "Feature", "properties": { "participant # overall": "2024-498", "participant by year": "2024-141", "acreage": 0.2525, "latitude": 35.0299388, "longitude": -106.7427371 }, "geometry": { "type": "Point", "coordinates": [ -106.7427371, 35.0299388 ] } }
{ "type": "Feature", "properties": { "participant # overall": "2024-499", "participant by year": "2024-142", "acreage": 0.0023, "latitude": 35.02276, "longitude": -106.685528 }, "geometry": { "type": "Point", "coordinates": [ -106.685528, 35.02276 ] } }
{ "type": "Feature", "properties": { "participant # overall": "2024-500", "participant by year": "2024-143", "acreage": 0.023, "latitude": 35.1515338, "longitude": -106.6395164 }, "geometry": { "type": "Point", "coordinates": [ -106.6395164, 35.1515338 ] } }
{ "type": "Feature", "properties": { "participant # overall": "2024-501", "participant by year": "2024-144", "acreage": 0.5051, "latitude": 35.1460142, "longitude": -106.6939745 }, "geometry": { "type": "Point", "coordinates": [ -106.6939745, 35.1460142 ] } }
{ "type": "Feature", "properties": { "participant # overall": "2024-502", "participant by year": "2024-145", "acreage": 0.5051, "latitude": 35.06719, "longitude": -106.5829615 }, "geometry": { "type": "Point", "coordinates": [ -106.5829615, 35.06719 ] } }
{ "type": "Feature", "properties": { "participant # overall": "2024-503", "participant by year": "2024-146", "acreage": 0.023, "latitude": 35.1029082, "longitude": -106.5559139 }, "geometry": { "type": "Point", "coordinates": [ -106.5559139, 35.1029082 ] } }
{ "type": "Feature", "properties": { "participant # overall": "2024-504", "participant by year": "2024-146", "acreage": 0.0344, "latitude": 35.142858, "longitude": -106.642049 }, "geometry": { "type": "Point", "coordinates": [ -106.642049, 35.142858 ] } }
{ "type": "Feature", "properties": { "participant # overall": "2024-505", "participant by year": "2024-148", "acreage": 0.1722, "latitude": 35.1163325, "longitude": -106.5482164 }, "geometry": { "type": "Point", "coordinates": [ -106.5482164, 35.1163325 ] } }
{ "type": "Feature", "properties": { "participant # overall": "2024-506", "participant by year": "2024-149", "acreage": 0.5051, "latitude": 35.0465496, "longitude": -106.6681419 }, "geometry": { "type": "Point", "coordinates": [ -106.6681419, 35.0465496 ] } }
{ "type": "Feature", "properties": { "participant # overall": "2024-507", "participant by year": "2024-150", "acreage": 0.1148, "latitude": 35.255674, "longitude": -106.687717 }, "geometry": { "type": "Point", "coordinates": [ -106.687717, 35.255674 ] } }
{ "type": "Feature", "properties": { "participant # overall": "2024-508", "participant by year": "2024-151", "acreage": 0.0115, "latitude": 35.091186, "longitude": -106.543703 }, "geometry": { "type": "Point", "coordinates": [ -106.543703, 35.091186 ] } }
{ "type": "Feature", "properties": { "participant # overall": "2024-509", "participant by year": "2024-152", "acreage": 0.0115, "latitude": 35.1276174, "longitude": -106.6505442 }, "geometry": { "type": "Point", "coordinates": [ -106.6505442, 35.1276174 ] } }
{ "type": "Feature", "properties": { "participant # overall": "2024-510", "participant by year": "2024-153", "acreage": 0.1148, "latitude": 32.784038, "longitude": -108.268582 }, "geometry": { "type": "Point", "coordinates": [ -108.268582, 32.784038 ] } }
{ "type": "Feature", "properties": { "participant # overall": "2024-511", "participant by year": "2024-154", "acreage": 0.023, "latitude": 35.3134798, "longitude": -106.492505 }, "geometry": { "type": "Point", "coordinates": [ -106.492505, 35.3134798 ] } }
{ "type": "Feature", "properties": { "participant # overall": "2024-512", "participant by year": "2024-155", "acreage": 0.0918, "latitude": 35.1618376, "longitude": -106.6399753 }, "geometry": { "type": "Point", "coordinates": [ -106.6399753, 35.1618376 ] } }
{ "type": "Feature", "properties": { "participant # overall": "2024-513", "participant by year": "2024-156", "acreage": 1.5, "latitude": 35.1077232, "longitude": -106.582988 }, "geometry": { "type": "Point", "coordinates": [ -106.582988, 35.1077232 ] } }
{ "type": "Feature", "properties": { "participant # overall": "2024-514", "participant by year": "2024-157", "acreage": 0.5051, "latitude": 35.2957353, "longitude": -106.6716242 }, "geometry": { "type": "Point", "coordinates": [ -106.6716242, 35.2957353 ] } }
{ "type": "Feature", "properties": { "participant # overall": "2024-515", "participant by year": "2024-158", "acreage": 0.023, "latitude": 35.076112, "longitude": -106.6584528 }, "geometry": { "type": "Point", "coordinates": [ -106.6584528, 35.076112 ] } }
{ "type": "Feature", "properties": { "participant # overall": "2024-516", "participant by year": "2024-159", "acreage": 0.023, "latitude": 35.1459706, "longitude": -106.6616549 }, "geometry": { "type": "Point", "coordinates": [ -106.6616549, 35.1459706 ] } }
{ "type": "Feature", "properties": { "participant # overall": "2024-517", "participant by year": "2024-160", "acreage": 0.0344, "latitude": 35.0872397, "longitude": -106.5366605 }, "geometry": { "type": "Point", "coordinates": [ -106.5366605, 35.0872397 ] } }
{ "type": "Feature", "properties": { "participant # overall": "2024-518", "participant by year": "2024-161", "acreage": 0.0459, "latitude": 35.1068238, "longitude": -106.7159327 }, "geometry": { "type": "Point", "coordinates": [ -106.7159327, 35.1068238 ] } }
{ "type": "Feature", "properties": { "participant # overall": "2024-519", "participant by year": "2024-162", "acreage": 0.0046, "latitude": 35.1009258, "longitude": -106.6141676 }, "geometry": { "type": "Point", "coordinates": [ -106.6141676, 35.1009258 ] } }
{ "type": "Feature", "properties": { "participant # overall": "2024-520", "participant by year": "2024-163", "acreage": 0.0115, "latitude": 35.1925145, "longitude": -106.6942929 }, "geometry": { "type": "Point", "coordinates": [ -106.6942929, 35.1925145 ] } }
{ "type": "Feature", "properties": { "participant # overall": "2024-521", "participant by year": "2024-164", "acreage": 0.0459, "latitude": 35.2690935, "longitude": -106.6521621 }, "geometry": { "type": "Point", "coordinates": [ -106.6521621, 35.2690935 ] } }
{ "type": "Feature", "properties": { "participant # overall": "2024-522", "participant by year": "2024-165", "acreage": 0.2525, "latitude": 35.14792, "longitude": -106.704838 }, "geometry": { "type": "Point", "coordinates": [ -106.704838, 35.14792 ] } }
{ "type": "Feature", "properties": { "participant # overall": "2024-523", "participant by year": "2024-166", "acreage": 0.0344, "latitude": 35.0838646, "longitude": -106.6030152 }, "geometry": { "type": "Point", "coordinates": [ -106.6030152, 35.0838646 ] } }
{ "type": "Feature", "properties": { "participant # overall": "2024-524", "participant by year": "2024-167", "acreage": 0.0459, "latitude": 35.0733221, "longitude": -106.6021841 }, "geometry": { "type": "Point", "coordinates": [ -106.6021841, 35.0733221 ] } }
{ "type": "Feature", "properties": { "participant # overall": "2024-525", "participant by year": "2024-168", "acreage": 0.0115, "latitude": 35.2234501, "longitude": -106.6767534 }, "geometry": { "type": "Point", "coordinates": [ -106.6767534, 35.2234501 ] } }
{ "type": "Feature", "properties": { "participant # overall": "2024-526", "participant by year": "2024-169", "acreage": 0.1722, "latitude": 35.0806067, "longitude": -106.6436723 }, "geometry": { "type": "Point", "coordinates": [ -106.6436723, 35.0806067 ] } }
{ "type": "Feature", "properties": { "participant # overall": "2024-527", "participant by year": "2024-170", "acreage": 0.3444, "latitude": 35.0696078, "longitude": -106.6983124 }, "geometry": { "type": "Point", "coordinates": [ -106.6983124, 35.0696078 ] } }
{ "type": "Feature", "properties": { "participant # overall": "2024-528", "participant by year": "2024-171", "acreage": 0.0115, "latitude": 35.1003946, "longitude": -106.6211759 }, "geometry": { "type": "Point", "coordinates": [ -106.6211759, 35.1003946 ] } }
{ "type": "Feature", "properties": { "participant # overall": "2024-529", "participant by year": "2024-172", "acreage": 0.0574, "latitude": 35.044805, "longitude": -106.522034 }, "geometry": { "type": "Point", "coordinates": [ -106.522034, 35.044805 ] } }
{ "type": "Feature", "properties": { "participant # overall": "2024-530", "participant by year": "2024-173", "acreage": 0.1148, "latitude": 35.0681426, "longitude": -106.6129824 }, "geometry": { "type": "Point", "coordinates": [ -106.6129824, 35.0681426 ] } }
{ "type": "Feature", "properties": { "participant # overall": "2024-531", "participant by year": "2024-174", "acreage": 0.0803, "latitude": 35.1002246, "longitude": -106.587317 }, "geometry": { "type": "Point", "coordinates": [ -106.587317, 35.1002246 ] } }
{ "type": "Feature", "properties": { "participant # overall": "2024-532", "participant by year": "2024-175", "acreage": 0.0207, "latitude": 35.2918307, "longitude": -106.5901882 }, "geometry": { "type": "Point", "coordinates": [ -106.5901882, 35.2918307 ] } }
{ "type": "Feature", "properties": { "participant # overall": "2024-533", "participant by year": "2024-176", "acreage": 0.0459, "latitude": 35.032089, "longitude": -106.684572 }, "geometry": { "type": "Point", "coordinates": [ -106.684572, 35.032089 ] } }
{ "type": "Feature", "properties": { "participant # overall": "2024-534", "participant by year": "2024-177", "acreage": 0.0918, "latitude": 35.324023, "longitude": -106.429752 }, "geometry": { "type": "Point", "coordinates": [ -106.429752, 35.324023 ] } }
{ "type": "Feature", "properties": { "participant # overall": "2024-535", "participant by year": "2024-178", "acreage": 0.5051, "latitude": 35.0934926, "longitude": -106.6582904 }, "geometry": { "type": "Point", "coordinates": [ -106.6582904, 35.0934926 ] } }
{ "type": "Feature", "properties": { "participant # overall": "2024-536", "participant by year": "2024-179", "acreage": 0.5051, "latitude": 35.2365296, "longitude": -106.693096 }, "geometry": { "type": "Point", "coordinates": [ -106.693096, 35.2365296 ] } }
{ "type": "Feature", "properties": { "participant # overall": "2024-537", "participant by year": "2024-180", "acreage": 0.023, "latitude": 35.0672149, "longitude": -106.6101428 }, "geometry": { "type": "Point", "coordinates": [ -106.6101428, 35.0672149 ] } }
{ "type": "Feature", "properties": { "participant # overall": "2024-538", "participant by year": "2024-181", "acreage": 0.0344, "latitude": 35.0796711, "longitude": -106.7020581 }, "geometry": { "type": "Point", "coordinates": [ -106.7020581, 35.0796711 ] } }
{ "type": "Feature", "properties": { "participant # overall": "2024-539", "participant by year": "2024-182", "acreage": 0.0344, "latitude": 35.0631264, "longitude": -106.6162844 }, "geometry": { "type": "Point", "coordinates": [ -106.6162844, 35.0631264 ] } }
{ "type": "Feature", "properties": { "participant # overall": "2024-540", "participant by year": "2024-183", "acreage": 0.0689, "latitude": 35.0239626, "longitude": -106.6904647 }, "geometry": { "type": "Point", "coordinates": [ -106.6904647, 35.0239626 ] } }
{ "type": "Feature", "properties": { "participant # overall": "2024-541", "participant by year": "2024-184", "acreage": 0.0574, "latitude": 32.6594374, "longitude": -105.6872498 }, "geometry": { "type": "Point", "coordinates": [ -105.6872498, 32.6594374 ] } }
{ "type": "Feature", "properties": { "participant # overall": "2024-542", "participant by year": "2024-185", "acreage": 0.2525, "latitude": 35.0821416, "longitude": -106.5897858 }, "geometry": { "type": "Point", "coordinates": [ -106.5897858, 35.0821416 ] } }
{ "type": "Feature", "properties": { "participant # overall": "2024-543", "participant by year": "2024-186", "acreage": 0.023, "latitude": 35.1166961, "longitude": -106.5125285 }, "geometry": { "type": "Point", "coordinates": [ -106.5125285, 35.1166961 ] } }
{ "type": "Feature", "properties": { "participant # overall": "2024-544", "participant by year": "2024-187", "acreage": 0.023, "latitude": 35.11186, "longitude": -106.5755291 }, "geometry": { "type": "Point", "coordinates": [ -106.5755291, 35.11186 ] } }
{ "type": "Feature", "properties": { "participant # overall": "2024-545", "participant by year": "2025-1", "acreage": 0.0574, "latitude": 35.10835, "longitude": -106.74877 }, "geometry": { "type": "Point", "coordinates": [ -106.74877, 35.10835 ] } }
{ "type": "Feature", "properties": { "participant # overall": "2024-546", "participant by year": "2025-2", "acreage": 0.1148, "latitude": 35.2610443, "longitude": -106.7050047 }, "geometry": { "type": "Point", "coordinates": [ -106.7050047, 35.2610443 ] } }
{ "type": "Feature", "properties": { "participant # overall": "2025-547", "participant by year": "2025-3", "acreage": 0.0826, "latitude": 35.10484, "longitude": -106.49798 }, "geometry": { "type": "Point", "coordinates": [ -106.49798, 35.10484 ] } }
{ "type": "Feature", "properties": { "participant # overall": "2025-548", "participant by year": "2025-4", "acreage": 0.5051, "latitude": 35.1178252, "longitude": -106.5709199 }, "geometry": { "type": "Point", "coordinates": [ -106.5709199, 35.1178252 ] } }
{ "type": "Feature", "properties": { "participant # overall": "2025-549", "participant by year": "2025-5", "acreage": 0.023, "latitude": 35.1619196, "longitude": -106.5623368 }, "geometry": { "type": "Point", "coordinates": [ -106.5623368, 35.1619196 ] } }
{ "type": "Feature", "properties": { "participant # overall": "2025-550", "participant by year": "2025-6", "acreage": 0.0489, "latitude": 35.126217, "longitude": -106.675395 }, "geometry": { "type": "Point", "coordinates": [ -106.675395, 35.126217 ] } }
{ "type": "Feature", "properties": { "participant # overall": "2025-551", "participant by year": "2025-7", "acreage": 0.0344, "latitude": 35.0847916, "longitude": -106.6678443 }, "geometry": { "type": "Point", "coordinates": [ -106.6678443, 35.0847916 ] } }
{ "type": "Feature", "properties": { "participant # overall": "2025-552", "participant by year": "2025-8", "acreage": 0.0489, "latitude": 35.141229, "longitude": -106.513374 }, "geometry": { "type": "Point", "coordinates": [ -106.513374, 35.141229 ] } }
{ "type": "Feature", "properties": { "participant # overall": "2025-553", "participant by year": "2025-9", "acreage": 0.049, "latitude": 35.0618302, "longitude": -106.5913773 }, "geometry": { "type": "Point", "coordinates": [ -106.5913773, 35.0618302 ] } }
{ "type": "Feature", "properties": { "participant # overall": "2025-554", "participant by year": "2025-10", "acreage": 0.023, "latitude": 35.065333, "longitude": -106.6019618 }, "geometry": { "type": "Point", "coordinates": [ -106.6019618, 35.065333 ] } }
{ "type": "Feature", "properties": { "participant # overall": "2025-555", "participant by year": "2025-11", "acreage": 0.0344, "latitude": 35.2169344, "longitude": -106.6177816 }, "geometry": { "type": "Point", "coordinates": [ -106.6177816, 35.2169344 ] } }
{ "type": "Feature", "properties": { "participant # overall": "2025-556", "participant by year": "2025-12", "acreage": 0.0459, "latitude": 35.1286048, "longitude": -106.3651497 }, "geometry": { "type": "Point", "coordinates": [ -106.3651497, 35.1286048 ] } }
{ "type": "Feature", "properties": { "participant # overall": "2025-557", "participant by year": "2025-13", "acreage": 1.0, "latitude": 35.0898516, "longitude": -106.6575686 }, "geometry": { "type": "Point", "coordinates": [ -106.6575686, 35.0898516 ] } }
{ "type": "Feature", "properties": { "participant # overall": "2025-558", "participant by year": "2025-14", "acreage": 0.1148, "latitude": 35.1191393, "longitude": -106.4960065 }, "geometry": { "type": "Point", "coordinates": [ -106.4960065, 35.1191393 ] } }
{ "type": "Feature", "properties": { "participant # overall": "2025-559", "participant by year": "2025-15", "acreage": 0.2009, "latitude": 35.0913379, "longitude": -106.5985932 }, "geometry": { "type": "Point", "coordinates": [ -106.5985932, 35.0913379 ] } }
{ "type": "Feature", "properties": { "participant # overall": "2025-560", "participant by year": "2025-16", "acreage": 0.2525, "latitude": 35.1073448, "longitude": -106.7194242 }, "geometry": { "type": "Point", "coordinates": [ -106.7194242, 35.1073448 ] } }
{ "type": "Feature", "properties": { "participant # overall": "2025-561", "participant by year": "2025-17", "acreage": 0.1148, "latitude": 35.0936533, "longitude": -106.5387789 }, "geometry": { "type": "Point", "coordinates": [ -106.5387789, 35.0936533 ] } }
{ "type": "Feature", "properties": { "participant # overall": "2025-562", "participant by year": "2025-18", "acreage": 0.1722, "latitude": 35.0963364, "longitude": -106.6563809 }, "geometry": { "type": "Point", "coordinates": [ -106.6563809, 35.0963364 ] } }
{ "type": "Feature", "properties": { "participant # overall": "2025-563", "participant by year": "2025-19", "acreage": 0.0574, "latitude": 35.1206457, "longitude": -106.6849949 }, "geometry": { "type": "Point", "coordinates": [ -106.6849949, 35.1206457 ] } }
{ "type": "Feature", "properties": { "participant # overall": "2025-564", "participant by year": "2025-20", "acreage": 0.0344, "latitude": 35.2703821, "longitude": -106.6521442 }, "geometry": { "type": "Point", "coordinates": [ -106.6521442, 35.2703821 ] } }
{ "type": "Feature", "properties": { "participant # overall": "2025-565", "participant by year": "2025-21", "acreage": 0.0574, "latitude": 35.1168712, "longitude": -106.5675597 }, "geometry": { "type": "Point", "coordinates": [ -106.5675597, 35.1168712 ] } }
{ "type": "Feature", "properties": { "participant # overall": "2025-566", "participant by year": "2025-22", "acreage": 0.35, "latitude": 35.2153661, "longitude": -106.6530766 }, "geometry": { "type": "Point", "coordinates": [ -106.6530766, 35.2153661 ] } }
{ "type": "Feature", "properties": { "participant # overall": "2025-567", "participant by year": "2025-23", "acreage": 0.023, "latitude": 35.1567625, "longitude": -106.7151244 }, "geometry": { "type": "Point", "coordinates": [ -106.7151244, 35.1567625 ] } }
{ "type": "Feature", "properties": { "participant # overall": "2025-568", "participant by year": "2025-24", "acreage": 0.1607, "latitude": 34.765465, "longitude": -106.762886 }, "geometry": { "type": "Point", "coordinates": [ -106.762886, 34.765465 ] } }
{ "type": "Feature", "properties": { "participant # overall": "2025-569", "participant by year": "2025-25", "acreage": 0.023, "latitude": 35.209191, "longitude": -106.6977692 }, "geometry": { "type": "Point", "coordinates": [ -106.6977692, 35.209191 ] } }
{ "type": "Feature", "properties": { "participant # overall": "2025-570", "participant by year": "2025-26", "acreage": 2.0, "latitude": 35.085648, "longitude": -106.590898 }, "geometry": { "type": "Point", "coordinates": [ -106.590898, 35.085648 ] } }
{ "type": "Feature", "properties": { "participant # overall": "2025-571", "participant by year": "2025-27", "acreage": 0.0115, "latitude": 34.975643, "longitude": -106.347704 }, "geometry": { "type": "Point", "coordinates": [ -106.347704, 34.975643 ] } }
{ "type": "Feature", "properties": { "participant # overall": "2025-572", "participant by year": "2025-28", "acreage": 1.0, "latitude": 35.085648, "longitude": -106.590898 }, "geometry": { "type": "Point", "coordinates": [ -106.590898, 35.085648 ] } }
{ "type": "Feature", "properties": { "participant # overall": "2025-573", "participant by year": "2025-29", "acreage": 0.5051, "latitude": 35.072382, "longitude": -106.615684 }, "geometry": { "type": "Point", "coordinates": [ -106.615684, 35.072382 ] } }
{ "type": "Feature", "properties": { "participant # overall": "2025-574", "participant by year": "2025-30", "acreage": 0.0184, "latitude": 35.0838167, "longitude": -106.6105928 }, "geometry": { "type": "Point", "coordinates": [ -106.6105928, 35.0838167 ] } }
{ "type": "Feature", "properties": { "participant # overall": "2025-575", "participant by year": "2025-31", "acreage": 0.0574, "latitude": 35.120487, "longitude": -106.506584 }, "geometry": { "type": "Point", "coordinates": [ -106.506584, 35.120487 ] } }
{ "type": "Feature", "properties": { "participant # overall": "2025-576", "participant by year": "2025-32", "acreage": 0.0574, "latitude": 35.0969293, "longitude": -106.5882227 }, "geometry": { "type": "Point", "coordinates": [ -106.5882227, 35.0969293 ] } }
{ "type": "Feature", "properties": { "participant # overall": "2025-577", "participant by year": "2025-33", "acreage": 0.5051, "latitude": 35.0963526, "longitude": -106.6799486 }, "geometry": { "type": "Point", "coordinates": [ -106.6799486, 35.0963526 ] } }
{ "type": "Feature", "properties": { "participant # overall": "2025-578", "participant by year": "2025-34", "acreage": 0.1148, "latitude": 35.0943924, "longitude": -106.674424 }, "geometry": { "type": "Point", "coordinates": [ -106.674424, 35.0943924 ] } }
{ "type": "Feature", "properties": { "participant # overall": "2025-579", "participant by year": "2025-35", "acreage": 0.2525, "latitude": 35.0943913, "longitude": -106.6744044 }, "geometry": { "type": "Point", "coordinates": [ -106.6744044, 35.0943913 ] } }
{ "type": "Feature", "properties": { "participant # overall": "2025-580", "participant by year": "2025-36", "acreage": 0.0484, "latitude": 35.081904, "longitude": -106.649074 }, "geometry": { "type": "Point", "coordinates": [ -106.649074, 35.081904 ] } }
{ "type": "Feature", "properties": { "participant # overall": "2025-581", "participant by year": "2025-37", "acreage": 0.0408, "latitude": 35.20911, "longitude": -106.69474 }, "geometry": { "type": "Point", "coordinates": [ -106.69474, 35.20911 ] } }
{ "type": "Feature", "properties": { "participant # overall": "2025-582", "participant by year": "2025-38", "acreage": 0.0004, "latitude": 35.1246318, "longitude": -106.6660067 }, "geometry": { "type": "Point", "coordinates": [ -106.6660067, 35.1246318 ] } }
{ "type": "Feature", "properties": { "participant # overall": "2025-583", "participant by year": "2025-39", "acreage": 0.1722, "latitude": 35.0897408, "longitude": -106.6616116 }, "geometry": { "type": "Point", "coordinates": [ -106.6616116, 35.0897408 ] } }
{ "type": "Feature", "properties": { "participant # overall": "2025-584", "participant by year": "2025-40", "acreage": 0.0, "latitude": 35.093335, "longitude": -106.6734229 }, "geometry": { "type": "Point", "coordinates": [ -106.6734229, 35.093335 ] } }
{ "type": "Feature", "properties": { "participant # overall": "2025-585", "participant by year": "2025-41", "acreage": 0.023, "latitude": 35.1441439, "longitude": -106.5135559 }, "geometry": { "type": "Point", "coordinates": [ -106.5135559, 35.1441439 ] } }
{ "type": "Feature", "properties": { "participant # overall": "2025-586", "participant by year": "2025-42", "acreage": 0.023, "latitude": 35.1412684, "longitude": -106.6536757 }, "geometry": { "type": "Point", "coordinates": [ -106.6536757, 35.1412684 ] } }
{ "type": "Feature", "properties": { "participant # overall": "2025-587", "participant by year": "2025-43", "acreage": 0.1148, "latitude": 35.05753, "longitude": -106.755899 }, "geometry": { "type": "Point", "coordinates": [ -106.755899, 35.05753 ] } }
{ "type": "Feature", "properties": { "participant # overall": "2025-588", "participant by year": "2025-44", "acreage": 0.75, "latitude": 35.0939076, "longitude": -106.5131391 }, "geometry": { "type": "Point", "coordinates": [ -106.5131391, 35.0939076 ] } }
{ "type": "Feature", "properties": { "participant # overall": "2025-589", "participant by year": "2025-45", "acreage": 0.0, "latitude": 34.9893294, "longitude": -106.6964822 }, "geometry": { "type": "Point", "coordinates": [ -106.6964822, 34.9893294 ] } }
{ "type": "Feature", "properties": { "participant # overall": "2025-590", "participant by year": "2025-46", "acreage": 0.0, "latitude": 35.071166, "longitude": -106.59602 }, "geometry": { "type": "Point", "coordinates": [ -106.59602, 35.071166 ] } }
{ "type": "Feature", "properties": { "participant # overall": "2025-591", "participant by year": "2025-47", "acreage": 0.0, "latitude": 34.989258, "longitude": -106.696524 }, "geometry": { "type": "Point", "coordinates": [ -106.696524, 34.989258 ] } }
{ "type": "Feature", "properties": { "participant # overall": "2025-592", "participant by year": "2025-48", "acreage": 0.0, "latitude": 35.071262, "longitude": -106.596151 }, "geometry": { "type": "Point", "coordinates": [ -106.596151, 35.071262 ] } }
{ "type": "Feature", "properties": { "participant # overall": "2025-593", "participant by year": "2025-49", "acreage": 0.0, "latitude": 35.1333874, "longitude": -106.5409805 }, "geometry": { "type": "Point", "coordinates": [ -106.5409805, 35.1333874 ] } }
{ "type": "Feature", "properties": { "participant # overall": "2025-594", "participant by year": "2025-50", "acreage": 0.75, "latitude": 35.2896978, "longitude": -106.6066814 }, "geometry": { "type": "Point", "coordinates": [ -106.6066814, 35.2896978 ] } }
{ "type": "Feature", "properties": { "participant # overall": "2025-595", "participant by year": "2025-51", "acreage": 0.0344, "latitude": 35.0776539, "longitude": -106.6531969 }, "geometry": { "type": "Point", "coordinates": [ -106.6531969, 35.0776539 ] } }
{ "type": "Feature", "properties": { "participant # overall": "2025-596", "participant by year": "2025-52", "acreage": 0.0, "latitude": 35.0928574, "longitude": -106.6694979 }, "geometry": { "type": "Point", "coordinates": [ -106.6694979, 35.0928574 ] } }
{ "type": "Feature", "properties": { "participant # overall": "2025-597", "participant by year": "2025-53", "acreage": 0.0, "latitude": 35.1000378, "longitude": -106.6840222 }, "geometry": { "type": "Point", "coordinates": [ -106.6840222, 35.1000378 ] } }
{ "type": "Feature", "properties": { "participant # overall": "2025-598", "participant by year": "2025-54", "acreage": 0.0, "latitude": 35.113254, "longitude": -106.738352 }, "geometry": { "type": "Point", "coordinates": [ -106.738352, 35.113254 ] } }
{ "type": "Feature", "properties": { "participant # overall": "2025-599", "participant by year": "2025-55", "acreage": 0.0092, "latitude": 35.1712632, "longitude": -106.5167454 }, "geometry": { "type": "Point", "coordinates": [ -106.5167454, 35.1712632 ] } }
{ "type": "Feature", "properties": { "participant # overall": "2025-600", "participant by year": "2025-56", "acreage": 0.0, "latitude": 35.2211722, "longitude": -106.6463599 }, "geometry": { "type": "Point", "coordinates": [ -106.6463599, 35.2211722 ] } }
{ "type": "Feature", "properties": { "participant # overall": "2025-601", "participant by year": "2025-57", "acreage": 1.0, "latitude": 35.0969089, "longitude": -106.5840372 }, "geometry": { "type": "Point", "coordinates": [ -106.5840372, 35.0969089 ] } }
{ "type": "Feature", "properties": { "participant # overall": "2025-602", "participant by year": "2025-58", "acreage": 1.0, "latitude": 35.22124, "longitude": -106.646619 }, "geometry": { "type": "Point", "coordinates": [ -106.646619, 35.22124 ] } }
{ "type": "Feature", "properties": { "participant # overall": "2025-603", "participant by year": "2025-59", "acreage": 0.1148, "latitude": 35.0750556, "longitude": -106.6073679 }, "geometry": { "type": "Point", "coordinates": [ -106.6073679, 35.0750556 ] } }
{ "type": "Feature", "properties": { "participant # overall": "2025-604", "participant by year": "2025-60", "acreage": 0.2525, "latitude": 35.141975, "longitude": -106.510862 }, "geometry": { "type": "Point", "coordinates": [ -106.510862, 35.141975 ] } }
{ "type": "Feature", "properties": { "participant # overall": "2025-605", "participant by year": "2025-61", "acreage": 0.0298, "latitude": 35.1014669, "longitude": -106.6153459 }, "geometry": { "type": "Point", "coordinates": [ -106.6153459, 35.1014669 ] } }
{ "type": "Feature", "properties": { "participant # overall": "2025-606", "participant by year": "2025-62", "acreage": 0.0344, "latitude": 35.08243, "longitude": -106.564987 }, "geometry": { "type": "Point", "coordinates": [ -106.564987, 35.08243 ] } }
{ "type": "Feature", "properties": { "participant # overall": "2025-607", "participant by year": "2025-63", "acreage": 0.0574, "latitude": 35.1773741, "longitude": -106.573054 }, "geometry": { "type": "Point", "coordinates": [ -106.573054, 35.1773741 ] } }
{ "type": "Feature", "properties": { "participant # overall": "2025-608", "participant by year": "2025-64", "acreage": 0.023, "latitude": 35.0826896, "longitude": -106.610334 }, "geometry": { "type": "Point", "coordinates": [ -106.610334, 35.0826896 ] } }
{ "type": "Feature", "properties": { "participant # overall": "2025-609", "participant by year": "2025-65", "acreage": 0.0574, "latitude": 35.0915153, "longitude": -106.5417004 }, "geometry": { "type": "Point", "coordinates": [ -106.5417004, 35.0915153 ] } }
{ "type": "Feature", "properties": { "participant # overall": "2025-610", "participant by year": "2025-66", "acreage": 0.023, "latitude": 35.1001872, "longitude": -106.6723062 }, "geometry": { "type": "Point", "coordinates": [ -106.6723062, 35.1001872 ] } }
{ "type": "Feature", "properties": { "participant # overall": "2025-611", "participant by year": "2025-67", "acreage": 0.023, "latitude": 35.091199, "longitude": -106.542376 }, "geometry": { "type": "Point", "coordinates": [ -106.542376, 35.091199 ] } }
{ "type": "Feature", "properties": { "participant # overall": "2025-612", "participant by year": "2025-68", "acreage": 0.1148, "latitude": 35.100113, "longitude": -106.673321 }, "geometry": { "type": "Point", "coordinates": [ -106.673321, 35.100113 ] } }
{ "type": "Feature", "properties": { "participant # overall": "2025-613", "participant by year": "2025-69", "acreage": 0.0, "latitude": 35.238869, "longitude": -106.679089 }, "geometry": { "type": "Point", "coordinates": [ -106.679089, 35.238869 ] } }
{ "type": "Feature", "properties": { "participant # overall": "2025-614", "participant by year": "2025-70", "acreage": 0.0, "latitude": 35.2413916, "longitude": -106.591868 }, "geometry": { "type": "Point", "coordinates": [ -106.591868, 35.2413916 ] } }
{ "type": "Feature", "properties": { "participant # overall": "2025-615", "participant by year": "2025-71", "acreage": 0.0, "latitude": 35.26402, "longitude": -106.663228 }, "geometry": { "type": "Point", "coordinates": [ -106.663228, 35.26402 ] } }
{ "type": "Feature", "properties": { "participant # overall": "2025-616", "participant by year": "2025-72", "acreage": 1.0, "latitude": 35.1458947, "longitude": -106.4945108 }, "geometry": { "type": "Point", "coordinates": [ -106.4945108, 35.1458947 ] } }
{ "type": "Feature", "properties": { "participant # overall": "2025-617", "participant by year": "2025-73", "acreage": 0.0344, "latitude": 35.215257, "longitude": -106.720981 }, "geometry": { "type": "Point", "coordinates": [ -106.720981, 35.215257 ] } }
{ "type": "Feature", "properties": { "participant # overall": "2025-618", "participant by year": "2025-74", "acreage": 0.0803, "latitude": 35.125004, "longitude": -106.678072 }, "geometry": { "type": "Point", "coordinates": [ -106.678072, 35.125004 ] } }
{ "type": "Feature", "properties": { "participant # overall": "2025-619", "participant by year": "2025-75", "acreage": 0.023, "latitude": 35.0596698, "longitude": -106.5742506 }, "geometry": { "type": "Point", "coordinates": [ -106.5742506, 35.0596698 ] } }
{ "type": "Feature", "properties": { "participant # overall": "2025-620", "participant by year": "2025-76", "acreage": 0.1148, "latitude": 35.0597348, "longitude": -106.5742502 }, "geometry": { "type": "Point", "coordinates": [ -106.5742502, 35.0597348 ] } }
{ "type": "Feature", "properties": { "participant # overall": "2025-621", "participant by year": "2025-77", "acreage": 0.1148, "latitude": 35.1273199, "longitude": -106.5762368 }, "geometry": { "type": "Point", "coordinates": [ -106.5762368, 35.1273199 ] } }
{ "type": "Feature", "properties": { "participant # overall": "2025-622", "participant by year": "2025-78", "acreage": 0.1148, "latitude": 35.0645611, "longitude": -106.6164883 }, "geometry": { "type": "Point", "coordinates": [ -106.6164883, 35.0645611 ] } }
{ "type": "Feature", "properties": { "participant # overall": "2025-623", "participant by year": "2025-80", "acreage": 0.2525, "latitude": 35.127268, "longitude": -106.576269 }, "geometry": { "type": "Point", "coordinates": [ -106.576269, 35.127268 ] } }
{ "type": "Feature", "properties": { "participant # overall": "2025-624", "participant by year": "2025-81", "acreage": 0.2525, "latitude": 35.2171431, "longitude": -106.6546233 }, "geometry": { "type": "Point", "coordinates": [ -106.6546233, 35.2171431 ] } }
{ "type": "Feature", "properties": { "participant # overall": "2025-625", "participant by year": "2025-82", "acreage": 0.0, "latitude": 35.074544, "longitude": -106.508358 }, "geometry": { "type": "Point", "coordinates": [ -106.508358, 35.074544 ] } }
{ "type": "Feature", "properties": { "participant # overall": "2025-626", "participant by year": "2025-83", "acreage": 1.0, "latitude": 35.215554, "longitude": -106.651351 }, "geometry": { "type": "Point", "coordinates": [ -106.651351, 35.215554 ] } }
{ "type": "Feature", "properties": { "participant # overall": "2025-627", "participant by year": "2025-84", "acreage": 0.023, "latitude": 35.0854083, "longitude": -106.6096865 }, "geometry": { "type": "Point", "coordinates": [ -106.6096865, 35.0854083 ] } }
{ "type": "Feature", "properties": { "participant # overall": "2025-628", "participant by year": "2025-85", "acreage": 0.0, "latitude": 35.180817, "longitude": -106.678744 }, "geometry": { "type": "Point", "coordinates": [ -106.678744, 35.180817 ] } }
{ "type": "Feature", "properties": { "participant # overall": "2025-629", "participant by year": "2025-86", "acreage": 0.0115, "latitude": 35.085359, "longitude": -106.60968 }, "geometry": { "type": "Point", "coordinates": [ -106.60968, 35.085359 ] } }
{ "type": "Feature", "properties": { "participant # overall": "2025-630", "participant by year": "2025-87", "acreage": 0.5051, "latitude": 35.0980878, "longitude": -106.5913608 }, "geometry": { "type": "Point", "coordinates": [ -106.5913608, 35.0980878 ] } }
{ "type": "Feature", "properties": { "participant # overall": "2025-631", "participant by year": "2025-88", "acreage": 0.5051, "latitude": 35.2342144, "longitude": -106.6689446 }, "geometry": { "type": "Point", "coordinates": [ -106.6689446, 35.2342144 ] } }
{ "type": "Feature", "properties": { "participant # overall": "2025-632", "participant by year": "2025-89", "acreage": 0.1722, "latitude": 35.098094, "longitude": -106.591374 }, "geometry": { "type": "Point", "coordinates": [ -106.591374, 35.098094 ] } }
{ "type": "Feature", "properties": { "participant # overall": "2025-633", "participant by year": "2025-90", "acreage": 0.2525, "latitude": 35.230813, "longitude": -106.670615 }, "geometry": { "type": "Point", "coordinates": [ -106.670615, 35.230813 ] } }
{ "type": "Feature", "properties": { "participant # overall": "2025-634", "participant by year": "2025-91", "acreage": 0.0, "latitude": 35.129828, "longitude": -106.659075 }, "geometry": { "type": "Point", "coordinates": [ -106.659075, 35.129828 ] } }
{ "type": "Feature", "properties": { "participant # overall": "2025-635", "participant by year": "2025-92", "acreage": 2.0, "latitude": 35.1208282, "longitude": -106.6842858 }, "geometry": { "type": "Point", "coordinates": [ -106.6842858, 35.1208282 ] } }
{ "type": "Feature", "properties": { "participant # overall": "2025-636", "participant by year": "2025-93", "acreage": 0.023, "latitude": 35.1614985, "longitude": -106.4832061 }, "geometry": { "type": "Point", "coordinates": [ -106.4832061, 35.1614985 ] } }
{ "type": "Feature", "properties": { "participant # overall": "2025-637", "participant by year": "2025-94", "acreage": 0.2525, "latitude": 35.0651681, "longitude": -106.6033246 }, "geometry": { "type": "Point", "coordinates": [ -106.6033246, 35.0651681 ] } }
{ "type": "Feature", "properties": { "participant # overall": "2025-638", "participant by year": "2025-95", "acreage": 1.0, "latitude": 35.160168, "longitude": -106.481356 }, "geometry": { "type": "Point", "coordinates": [ -106.481356, 35.160168 ] } }
{ "type": "Feature", "properties": { "participant # overall": "2025-639", "participant by year": "2025-96", "acreage": 0.1722, "latitude": 35.06498, "longitude": -106.603118 }, "geometry": { "type": "Point", "coordinates": [ -106.603118, 35.06498 ] } }
{ "type": "Feature", "properties": { "participant # overall": "2025-640", "participant by year": "2025-97", "acreage": 0.1722, "latitude": 35.0852617, "longitude": -106.5799613 }, "geometry": { "type": "Point", "coordinates": [ -106.5799613, 35.0852617 ] } }
{ "type": "Feature", "properties": { "participant # overall": "2025-641", "participant by year": "2025-98", "acreage": 3.5, "latitude": 35.183962, "longitude": -106.339918 }, "geometry": { "type": "Point", "coordinates": [ -106.339918, 35.183962 ] } }
{ "type": "Feature", "properties": { "participant # overall": "2025-642", "participant by year": "2025-99", "acreage": 0.0574, "latitude": 35.1139325, "longitude": -106.6722263 }, "geometry": { "type": "Point", "coordinates": [ -106.6722263, 35.1139325 ] } }
{ "type": "Feature", "properties": { "participant # overall": "2025-643", "participant by year": "2025-100", "acreage": 0.101, "latitude": 35.156897, "longitude": -106.702277 }, "geometry": { "type": "Point", "coordinates": [ -106.702277, 35.156897 ] } }
{ "type": "Feature", "properties": { "participant # overall": "2025-644", "participant by year": "2025-101", "acreage": 0.0023, "latitude": 35.0926698, "longitude": -106.6005653 }, "geometry": { "type": "Point", "coordinates": [ -106.6005653, 35.0926698 ] } }
{ "type": "Feature", "properties": { "participant # overall": "2025-645", "participant by year": "2025-102", "acreage": 0.0046, "latitude": 35.075721, "longitude": -106.61671 }, "geometry": { "type": "Point", "coordinates": [ -106.61671, 35.075721 ] } }
{ "type": "Feature", "properties": { "participant # overall": "2025-646", "participant by year": "2025-103", "acreage": 0.0344, "latitude": 35.2888998, "longitude": -106.5954172 }, "geometry": { "type": "Point", "coordinates": [ -106.5954172, 35.2888998 ] } }
{ "type": "Feature", "properties": { "participant # overall": "2025-647", "participant by year": "2025-104", "acreage": 0.0, "latitude": 35.1223627, "longitude": -106.7209524 }, "geometry": { "type": "Point", "coordinates": [ -106.7209524, 35.1223627 ] } }
{ "type": "Feature", "properties": { "participant # overall": "2025-648", "participant by year": "2025-105", "acreage": 0.2525, "latitude": 35.28949, "longitude": -106.594515 }, "geometry": { "type": "Point", "coordinates": [ -106.594515, 35.28949 ] } }
{ "type": "Feature", "properties": { "participant # overall": "2025-649", "participant by year": "2025-106", "acreage": 0.0344, "latitude": 35.12241, "longitude": -106.721091 }, "geometry": { "type": "Point", "coordinates": [ -106.721091, 35.12241 ] } }
{ "type": "Feature", "properties": { "participant # overall": "2025-650", "participant by year": "2025-107", "acreage": 0.0, "latitude": 35.091302, "longitude": -106.580014 }, "geometry": { "type": "Point", "coordinates": [ -106.580014, 35.091302 ] } }
{ "type": "Feature", "properties": { "participant # overall": "2025-651", "participant by year": "2025-108", "acreage": 1.0, "latitude": 35.1743028, "longitude": -106.6258943 }, "geometry": { "type": "Point", "coordinates": [ -106.6258943, 35.1743028 ] } }
{ "type": "Feature", "properties": { "participant # overall": "2025-652", "participant by year": "2025-109", "acreage": 0.0, "latitude": 35.172976, "longitude": -106.636905 }, "geometry": { "type": "Point", "coordinates": [ -106.636905, 35.172976 ] } }
{ "type": "Feature", "properties": { "participant # overall": "2025-653", "participant by year": "2025-110", "acreage": 0.5, "latitude": 35.174353, "longitude": -106.6273 }, "geometry": { "type": "Point", "coordinates": [ -106.6273, 35.174353 ] } }
{ "type": "Feature", "properties": { "participant # overall": "2025-654", "participant by year": "2025-111", "acreage": 0.0257, "latitude": 35.1653391, "longitude": -106.499493 }, "geometry": { "type": "Point", "coordinates": [ -106.499493, 35.1653391 ] } }
{ "type": "Feature", "properties": { "participant # overall": "2025-655", "participant by year": "2025-112", "acreage": 0.023, "latitude": 35.146089, "longitude": -106.536448 }, "geometry": { "type": "Point", "coordinates": [ -106.536448, 35.146089 ] } }
{ "type": "Feature", "properties": { "participant # overall": "2025-656", "participant by year": "2025-113", "acreage": 0.4, "latitude": 35.1509254, "longitude": -106.6531609 }, "geometry": { "type": "Point", "coordinates": [ -106.6531609, 35.1509254 ] } }
{ "type": "Feature", "properties": { "participant # overall": "2025-657", "participant by year": "2025-114", "acreage": 0.0574, "latitude": 35.125166, "longitude": -106.678432 }, "geometry": { "type": "Point", "coordinates": [ -106.678432, 35.125166 ] } }
{ "type": "Feature", "properties": { "participant # overall": "2025-658", "participant by year": "2025-115", "acreage": 0.0115, "latitude": 35.151358, "longitude": -106.652612 }, "geometry": { "type": "Point", "coordinates": [ -106.652612, 35.151358 ] } }
{ "type": "Feature", "properties": { "participant # overall": "2025-659", "participant by year": "2025-116", "acreage": 0.5051, "latitude": 35.1001608, "longitude": -106.7245036 }, "geometry": { "type": "Point", "coordinates": [ -106.7245036, 35.1001608 ] } }
{ "type": "Feature", "properties": { "participant # overall": "2025-660", "participant by year": "2025-117", "acreage": 0.0, "latitude": 35.09673, "longitude": -106.553517 }, "geometry": { "type": "Point", "coordinates": [ -106.553517, 35.09673 ] } }
{ "type": "Feature", "properties": { "participant # overall": "2025-661", "participant by year": "2025-118", "acreage": 0.0046, "latitude": 35.1243895, "longitude": -106.6708134 }, "geometry": { "type": "Point", "coordinates": [ -106.6708134, 35.1243895 ] } }
{ "type": "Feature", "properties": { "participant # overall": "2025-662", "participant by year": "2025-119", "acreage": 0.0, "latitude": 35.07561, "longitude": -106.500774 }, "geometry": { "type": "Point", "coordinates": [ -106.500774, 35.07561 ] } }
{ "type": "Feature", "properties": { "participant # overall": "2025-663", "participant by year": "2025-120", "acreage": 0.2525, "latitude": 35.124743, "longitude": -106.67037 }, "geometry": { "type": "Point", "coordinates": [ -106.67037, 35.124743 ] } }
{ "type": "Feature", "properties": { "participant # overall": "2025-664", "participant by year": "2025-121", "acreage": 0.0, "latitude": 35.115268, "longitude": -106.576909 }, "geometry": { "type": "Point", "coordinates": [ -106.576909, 35.115268 ] } }
{ "type": "Feature", "properties": { "participant # overall": "2025-665", "participant by year": "2025-122", "acreage": 0.0, "latitude": 35.080343, "longitude": -106.593881 }, "geometry": { "type": "Point", "coordinates": [ -106.593881, 35.080343 ] } }
{ "type": "Feature", "properties": { "participant # overall": "2025-666", "participant by year": "2025-123", "acreage": 0.011, "latitude": 35.1205341, "longitude": -106.6837756 }, "geometry": { "type": "Point", "coordinates": [ -106.6837756, 35.1205341 ] } }
{ "type": "Feature", "properties": { "participant # overall": "2025-667", "participant by year": "2025-124", "acreage": 0.0, "latitude": 35.313982, "longitude": -106.708518 }, "geometry": { "type": "Point", "coordinates": [ -106.708518, 35.313982 ] } }
{ "type": "Feature", "properties": { "participant # overall": "2025-668", "participant by year": "2025-125", "acreage": 0.3, "latitude": 35.1603051, "longitude": -106.4866747 }, "geometry": { "type": "Point", "coordinates": [ -106.4866747, 35.1603051 ] } }
{ "type": "Feature", "properties": { "participant # overall": "2025-669", "participant by year": "2025-126", "acreage": 0.5051, "latitude": 35.070848, "longitude": -106.578706 }, "geometry": { "type": "Point", "coordinates": [ -106.578706, 35.070848 ] } }
{ "type": "Feature", "properties": { "participant # overall": "2025-670", "participant by year": "2025-127", "acreage": 0.5051, "latitude": 35.0869856, "longitude": -106.6089892 }, "geometry": { "type": "Point", "coordinates": [ -106.6089892, 35.0869856 ] } }
{ "type": "Feature", "properties": { "participant # overall": "2025-671", "participant by year": "2025-128", "acreage": 0.023, "latitude": 35.1276993, "longitude": -106.6565628 }, "geometry": { "type": "Point", "coordinates": [ -106.6565628, 35.1276993 ] } }
{ "type": "Feature", "properties": { "participant # overall": "2025-672", "participant by year": "2025-129", "acreage": 0.0574, "latitude": 35.1155616, "longitude": -106.5416787 }, "geometry": { "type": "Point", "coordinates": [ -106.5416787, 35.1155616 ] } }
{ "type": "Feature", "properties": { "participant # overall": "2025-673", "participant by year": "2025-130", "acreage": 0.1148, "latitude": 35.1266268, "longitude": -106.6787498 }, "geometry": { "type": "Point", "coordinates": [ -106.6787498, 35.1266268 ] } }
{ "type": "Feature", "properties": { "participant # overall": "2025-674", "participant by year": "2025-131", "acreage": 0.023, "latitude": 35.1208612, "longitude": -106.5743993 }, "geometry": { "type": "Point", "coordinates": [ -106.5743993, 35.1208612 ] } }
{ "type": "Feature", "properties": { "participant # overall": "2025-675", "participant by year": "2025-132", "acreage": 0.2525, "latitude": 35.1170615, "longitude": -106.6548096 }, "geometry": { "type": "Point", "coordinates": [ -106.6548096, 35.1170615 ] } }
{ "type": "Feature", "properties": { "participant # overall": "2025-676", "participant by year": "2025-133", "acreage": 0.0115, "latitude": 35.1223108, "longitude": -106.685508 }, "geometry": { "type": "Point", "coordinates": [ -106.685508, 35.1223108 ] } }
{ "type": "Feature", "properties": { "participant # overall": "2025-677", "participant by year": "2025-134", "acreage": 0.5, "latitude": 35.0691994, "longitude": -106.5907115 }, "geometry": { "type": "Point", "coordinates": [ -106.5907115, 35.0691994 ] } }
{ "type": "Feature", "properties": { "participant # overall": "2025-678", "participant by year": "2025-135", "acreage": 0.023, "latitude": 35.122605, "longitude": -106.685186 }, "geometry": { "type": "Point", "coordinates": [ -106.685186, 35.122605 ] } }
{ "type": "Feature", "properties": { "participant # overall": "2025-679", "participant by year": "2025-136", "acreage": 0.0115, "latitude": 35.06905, "longitude": -106.590203 }, "geometry": { "type": "Point", "coordinates": [ -106.590203, 35.06905 ] } }
{ "type": "Feature", "properties": { "participant # overall": "2025-680", "participant by year": "2025-137", "acreage": 0.0, "latitude": 34.98, "longitude": -106.67 }, "geometry": { "type": "Point", "coordinates": [ -106.67, 34.98 ] } }
{ "type": "Feature", "properties": { "participant # overall": "2025-681", "participant by year": "2025-138", "acreage": 0.0, "latitude": 35.092045, "longitude": -106.5809152 }, "geometry": { "type": "Point", "coordinates": [ -106.5809152, 35.092045 ] } }
{ "type": "Feature", "properties": { "participant # overall": "2025-682", "participant by year": "2025-139", "acreage": 0.0, "latitude": 35.237248, "longitude": -106.607113 }, "geometry": { "type": "Point", "coordinates": [ -106.607113, 35.237248 ] } }
{ "type": "Feature", "properties": { "participant # overall": "2025-683", "participant by year": "2025-140", "acreage": 0.0344, "latitude": 35.0778505, "longitude": -106.4925477 }, "geometry": { "type": "Point", "coordinates": [ -106.4925477, 35.0778505 ] } }
{ "type": "Feature", "properties": { "participant # overall": "2025-684", "participant by year": "2025-141", "acreage": 0.0803, "latitude": 35.143983, "longitude": -106.664412 }, "geometry": { "type": "Point", "coordinates": [ -106.664412, 35.143983 ] } }
{ "type": "Feature", "properties": { "participant # overall": "2025-685", "participant by year": "2025-142", "acreage": 0.2525, "latitude": 35.0961931, "longitude": -106.6105964 }, "geometry": { "type": "Point", "coordinates": [ -106.6105964, 35.0961931 ] } }
{ "type": "Feature", "properties": { "participant # overall": "2025-686", "participant by year": "2025-143", "acreage": 0.1148, "latitude": 35.072256, "longitude": -106.593552 }, "geometry": { "type": "Point", "coordinates": [ -106.593552, 35.072256 ] } }
{ "type": "Feature", "properties": { "participant # overall": "2025-687", "participant by year": "2025-144", "acreage": 0.0154, "latitude": 35.042734, "longitude": -106.675487 }, "geometry": { "type": "Point", "coordinates": [ -106.675487, 35.042734 ] } }
{ "type": "Feature", "properties": { "participant # overall": "2025-688", "participant by year": "2025-145", "acreage": 0.0, "latitude": 35.134122, "longitude": -106.579554 }, "geometry": { "type": "Point", "coordinates": [ -106.579554, 35.134122 ] } }
{ "type": "Feature", "properties": { "participant # overall": "2025-689", "participant by year": "2025-146", "acreage": 0.0, "latitude": 35.1265758, "longitude": -106.656273 }, "geometry": { "type": "Point", "coordinates": [ -106.656273, 35.1265758 ] } }
{ "type": "Feature", "properties": { "participant # overall": "2025-690", "participant by year": "2025-147", "acreage": 0.0344, "latitude": 35.1369014, "longitude": -106.3239807 }, "geometry": { "type": "Point", "coordinates": [ -106.3239807, 35.1369014 ] } }
{ "type": "Feature", "properties": { "participant # overall": "2025-691", "participant by year": "2025-148", "acreage": 0.5051, "latitude": 35.066653, "longitude": -106.602719 }, "geometry": { "type": "Point", "coordinates": [ -106.602719, 35.066653 ] } }
{ "type": "Feature", "properties": { "participant # overall": "2025-692", "participant by year": "2025-149", "acreage": 6.5, "latitude": 35.1137113, "longitude": -106.7097199 }, "geometry": { "type": "Point", "coordinates": [ -106.7097199, 35.1137113 ] } }
{ "type": "Feature", "properties": { "participant # overall": "2025-693", "participant by year": "2025-150", "acreage": 0.5051, "latitude": 35.066498, "longitude": -106.602741 }, "geometry": { "type": "Point", "coordinates": [ -106.602741, 35.066498 ] } }
{ "type": "Feature", "properties": { "participant # overall": "2025-694", "participant by year": "2025-151", "acreage": 0.0344, "latitude": 35.1425689, "longitude": -106.6941323 }, "geometry": { "type": "Point", "coordinates": [ -106.6941323, 35.1425689 ] } }
{ "type": "Feature", "properties": { "participant # overall": "2025-695", "participant by year": "2025-152", "acreage": 0.0, "latitude": 35.1221653, "longitude": -106.675081 }, "geometry": { "type": "Point", "coordinates": [ -106.675081, 35.1221653 ] } }
{ "type": "Feature", "properties": { "participant # overall": "2025-696", "participant by year": "2025-153", "acreage": 0.0011, "latitude": 35.142383, "longitude": -106.693988 }, "geometry": { "type": "Point", "coordinates": [ -106.693988, 35.142383 ] } }
{ "type": "Feature", "properties": { "participant # overall": "2025-697", "participant by year": "2025-154", "acreage": 0.1, "latitude": 35.122641, "longitude": -106.676139 }, "geometry": { "type": "Point", "coordinates": [ -106.676139, 35.122641 ] } }
{ "type": "Feature", "properties": { "participant # overall": "2025-698", "participant by year": "2025-155", "acreage": 0.0, "latitude": 35.145562, "longitude": -106.536881 }, "geometry": { "type": "Point", "coordinates": [ -106.536881, 35.145562 ] } }
{ "type": "Feature", "properties": { "participant # overall": "2025-699", "participant by year": "2025-156", "acreage": 0.1722, "latitude": 35.119889, "longitude": -106.552609 }, "geometry": { "type": "Point", "coordinates": [ -106.552609, 35.119889 ] } }
{ "type": "Feature", "properties": { "participant # overall": "2025-700", "participant by year": "2025-157", "acreage": 0.0344, "latitude": 35.645187, "longitude": -106.340113 }, "geometry": { "type": "Point", "coordinates": [ -106.340113, 35.645187 ] } }
{ "type": "Feature", "properties": { "participant # overall": "2025-701", "participant by year": "2025-158", "acreage": 0.023, "latitude": 35.097898, "longitude": -106.57482 }, "geometry": { "type": "Point", "coordinates": [ -106.57482, 35.097898 ] } }
{ "type": "Feature", "properties": { "participant # overall": "2025-702", "participant by year": "2025-159", "acreage": 0.0574, "latitude": 35.097072, "longitude": -106.680987 }, "geometry": { "type": "Point", "coordinates": [ -106.680987, 35.097072 ] } }
{ "type": "Feature", "properties": { "participant # overall": "2025-703", "participant by year": "2025-160", "acreage": 0.0, "latitude": 35.098456, "longitude": -106.565635 }, "geometry": { "type": "Point", "coordinates": [ -106.565635, 35.098456 ] } }
{ "type": "Feature", "properties": { "participant # overall": "2025-704", "participant by year": "2025-161", "acreage": 0.0, "latitude": 35.134154, "longitude": -106.565791 }, "geometry": { "type": "Point", "coordinates": [ -106.565791, 35.134154 ] } }
{ "type": "Feature", "properties": { "participant # overall": "2025-705", "participant by year": "2025-162", "acreage": 0.2525, "latitude": 35.200156, "longitude": -106.715422 }, "geometry": { "type": "Point", "coordinates": [ -106.715422, 35.200156 ] } }
{ "type": "Feature", "properties": { "participant # overall": "2025-706", "participant by year": "2025-163", "acreage": 0.0, "latitude": 35.14004, "longitude": -106.539456 }, "geometry": { "type": "Point", "coordinates": [ -106.539456, 35.14004 ] } }
{ "type": "Feature", "properties": { "participant # overall": "2025-707", "participant by year": "2025-164", "acreage": 0.0, "latitude": 35.095301, "longitude": -106.527005 }, "geometry": { "type": "Point", "coordinates": [ -106.527005, 35.095301 ] } }
{ "type": "Feature", "properties": { "participant # overall": "2025-708", "participant by year": "2025-165", "acreage": 0.0, "latitude": 35.100212, "longitude": -106.541318 }, "geometry": { "type": "Point", "coordinates": [ -106.541318, 35.100212 ] } }
{ "type": "Feature", "properties": { "participant # overall": "2025-709", "participant by year": "2025-166", "acreage": 0.0, "latitude": 35.097546, "longitude": -106.602511 }, "geometry": { "type": "Point", "coordinates": [ -106.602511, 35.097546 ] } }
{ "type": "Feature", "properties": { "participant # overall": "2025-710", "participant by year": "2025-167", "acreage": 1.0101, "latitude": 35.120937, "longitude": -106.676441 }, "geometry": { "type": "Point", "coordinates": [ -106.676441, 35.120937 ] } }
{ "type": "Feature", "properties": { "participant # overall": "2025-711", "participant by year": "2025-168", "acreage": 0.0574, "latitude": 34.82078, "longitude": -106.725424 }, "geometry": { "type": "Point", "coordinates": [ -106.725424, 34.82078 ] } }
{ "type": "Feature", "properties": { "participant # overall": "2025-712", "participant by year": "2025-169", "acreage": 0.0, "latitude": 34.80254, "longitude": -106.7233 }, "geometry": { "type": "Point", "coordinates": [ -106.7233, 34.80254 ] } }
{ "type": "Feature", "properties": { "participant # overall": "2025-713", "participant by year": "2025-170", "acreage": 0.0, "latitude": 35.046922, "longitude": -106.512429 }, "geometry": { "type": "Point", "coordinates": [ -106.512429, 35.046922 ] } }
{ "type": "Feature", "properties": { "participant # overall": "2025-714", "participant by year": "2025-171", "acreage": 0.9871, "latitude": 34.82078, "longitude": -106.725424 }, "geometry": { "type": "Point", "coordinates": [ -106.725424, 34.82078 ] } }
{ "type": "Feature", "properties": { "participant # overall": "2025-715", "participant by year": "2025-172", "acreage": 0.0, "latitude": 35.062708, "longitude": -106.750706 }, "geometry": { "type": "Point", "coordinates": [ -106.750706, 35.062708 ] } }
{ "type": "Feature", "properties": { "participant # overall": "2025-716", "participant by year": "2025-173", "acreage": 0.0, "latitude": 35.099264, "longitude": -106.655673 }, "geometry": { "type": "Point", "coordinates": [ -106.655673, 35.099264 ] } }
{ "type": "Feature", "properties": { "participant # overall": "2025-717", "participant by year": "2025-174", "acreage": 0.0344, "latitude": 35.090091, "longitude": -106.600293 }, "geometry": { "type": "Point", "coordinates": [ -106.600293, 35.090091 ] } }
{ "type": "Feature", "properties": { "participant # overall": "2025-718", "participant by year": "2025-175", "acreage": 1.0, "latitude": 35.16863, "longitude": -106.500657 }, "geometry": { "type": "Point", "coordinates": [ -106.500657, 35.16863 ] } }
{ "type": "Feature", "properties": { "participant # overall": "2025-719", "participant by year": "2025-176", "acreage": 0.0, "latitude": 34.652861, "longitude": -106.598278 }, "geometry": { "type": "Point", "coordinates": [ -106.598278, 34.652861 ] } }
{ "type": "Feature", "properties": { "participant # overall": "2025-720", "participant by year": "2025-177", "acreage": 0.0, "latitude": 35.083986, "longitude": -106.589431 }, "geometry": { "type": "Point", "coordinates": [ -106.589431, 35.083986 ] } }
{ "type": "Feature", "properties": { "participant # overall": "2025-721", "participant by year": "2025-178", "acreage": 0.0, "latitude": 35.071609, "longitude": -106.590118 }, "geometry": { "type": "Point", "coordinates": [ -106.590118, 35.071609 ] } }
{ "type": "Feature", "properties": { "participant # overall": "2025-722", "participant by year": "2025-179", "acreage": 0.5051, "latitude": 35.128435, "longitude": -106.679715 }, "geometry": { "type": "Point", "coordinates": [ -106.679715, 35.128435 ] } }
{ "type": "Feature", "properties": { "participant # overall": "2025-723", "participant by year": "2025-180", "acreage": 0.0, "latitude": 35.137944, "longitude": -106.495815 }, "geometry": { "type": "Point", "coordinates": [ -106.495815, 35.137944 ] } }
{ "type": "Feature", "properties": { "participant # overall": "2025-724", "participant by year": "2025-181", "acreage": 0.0344, "latitude": 35.101174, "longitude": -106.585054 }, "geometry": { "type": "Point", "coordinates": [ -106.585054, 35.101174 ] } }
{ "type": "Feature", "properties": { "participant # overall": "2025-725", "participant by year": "2025-182", "acreage": 0.0, "latitude": 35.150301, "longitude": -106.56924 }, "geometry": { "type": "Point", "coordinates": [ -106.56924, 35.150301 ] } }
{ "type": "Feature", "properties": { "participant # overall": "2025-726", "participant by year": "2025-183", "acreage": 0.1148, "latitude": 35.129252, "longitude": -106.646423 }, "geometry": { "type": "Point", "coordinates": [ -106.646423, 35.129252 ] } }
{ "type": "Feature", "properties": { "participant # overall": "2025-727", "participant by year": "2025-184", "acreage": 0.0, "latitude": 35.134, "longitude": -106.647318 }, "geometry": { "type": "Point", "coordinates": [ -106.647318, 35.134 ] } }
{ "type": "Feature", "properties": { "participant # overall": "2025-728", "participant by year": "2025-185", "acreage": 0.0, "latitude": 35.102247, "longitude": -106.717621 }, "geometry": { "type": "Point", "coordinates": [ -106.717621, 35.102247 ] } }
{ "type": "Feature", "properties": { "participant # overall": "2025-729", "participant by year": "2025-186", "acreage": 0.0, "latitude": 35.11064, "longitude": -106.713876 }, "geometry": { "type": "Point", "coordinates": [ -106.713876, 35.11064 ] } }
{ "type": "Feature", "properties": { "participant # overall": "2025-730", "participant by year": "2025-187", "acreage": 0.0, "latitude": 35.057583, "longitude": -106.502128 }, "geometry": { "type": "Point", "coordinates": [ -106.502128, 35.057583 ] } }
{ "type": "Feature", "properties": { "participant # overall": "2025-731", "participant by year": "2025-188", "acreage": 0.0, "latitude": 35.195195, "longitude": -106.63264 }, "geometry": { "type": "Point", "coordinates": [ -106.63264, 35.195195 ] } }
{ "type": "Feature", "properties": { "participant # overall": "2025-732", "participant by year": "2025-189", "acreage": 0.0, "latitude": 35.155689, "longitude": -106.611882 }, "geometry": { "type": "Point", "coordinates": [ -106.611882, 35.155689 ] } }
{ "type": "Feature", "properties": { "participant # overall": "2025-733", "participant by year": "2025-190", "acreage": 0.0, "latitude": 35.130986, "longitude": -106.648244 }, "geometry": { "type": "Point", "coordinates": [ -106.648244, 35.130986 ] } }
{ "type": "Feature", "properties": { "participant # overall": "2025-734", "participant by year": "2025-191", "acreage": 0.0, "latitude": 35.146797, "longitude": -106.692461 }, "geometry": { "type": "Point", "coordinates": [ -106.692461, 35.146797 ] } }
{ "type": "Feature", "properties": { "participant # overall": "2025-735", "participant by year": "2025-192", "acreage": 0.0, "latitude": 35.123858, "longitude": -106.661994 }, "geometry": { "type": "Point", "coordinates": [ -106.661994, 35.123858 ] } }
{ "type": "Feature", "properties": { "participant # overall": "2025-736", "participant by year": "2025-193", "acreage": 0.1148, "latitude": 35.152356, "longitude": -106.643792 }, "geometry": { "type": "Point", "coordinates": [ -106.643792, 35.152356 ] } }
{ "type": "Feature", "properties": { "participant # overall": "2025-737", "participant by year": "2025-194", "acreage": 0.0, "latitude": 35.15278, "longitude": -106.662211 }, "geometry": { "type": "Point", "coordinates": [ -106.662211, 35.15278 ] } }
{ "type": "Feature", "properties": { "participant # overall": "2025-738", "participant by year": "2025-195", "acreage": 0.0, "latitude": 35.026889, "longitude": -106.732747 }, "geometry": { "type": "Point", "coordinates": [ -106.732747, 35.026889 ] } }
{ "type": "Feature", "properties": { "participant # overall": "2025-739", "participant by year": "2025-196", "acreage": 0.0, "latitude": 35.162925, "longitude": -106.60965 }, "geometry": { "type": "Point", "coordinates": [ -106.60965, 35.162925 ] } }
{ "type": "Feature", "properties": { "participant # overall": "2025-740", "participant by year": "2025-197", "acreage": 0.0, "latitude": 35.136135, "longitude": -106.645818 }, "geometry": { "type": "Point", "coordinates": [ -106.645818, 35.136135 ] } }
{ "type": "Feature", "properties": { "participant # overall": "2025-741", "participant by year": "2025-198", "acreage": 0.0, "latitude": 35.079524, "longitude": -106.38789 }, "geometry": { "type": "Point", "coordinates": [ -106.38789, 35.079524 ] } }
{ "type": "Feature", "properties": { "participant # overall": "2025-742", "participant by year": "2025-199", "acreage": 0.1148, "latitude": 35.111087, "longitude": -106.502369 }, "geometry": { "type": "Point", "coordinates": [ -106.502369, 35.111087 ] } }
{ "type": "Feature", "properties": { "participant # overall": "2025-743", "participant by year": "2025-200", "acreage": 0.1148, "latitude": 35.349677, "longitude": -106.613349 }, "geometry": { "type": "Point", "coordinates": [ -106.613349, 35.349677 ] } }
{ "type": "Feature", "properties": { "participant # overall": "2025-744", "participant by year": "2025-201", "acreage": 0.0, "latitude": 35.289118, "longitude": -106.634154 }, "geometry": { "type": "Point", "coordinates": [ -106.634154, 35.289118 ] } }
{ "type": "Feature", "properties": { "participant # overall": "2025-745", "participant by year": "2025-202", "acreage": 0.0115, "latitude": 35.202341, "longitude": -106.610228 }, "geometry": { "type": "Point", "coordinates": [ -106.610228, 35.202341 ] } }
{ "type": "Feature", "properties": { "participant # overall": "2025-746", "participant by year": "2025-203", "acreage": 0.0, "latitude": 35.080032, "longitude": -106.495624 }, "geometry": { "type": "Point", "coordinates": [ -106.495624, 35.080032 ] } }
{ "type": "Feature", "properties": { "participant # overall": "2025-747", "participant by year": "2025-204", "acreage": 0.0, "latitude": 35.126857, "longitude": -106.596433 }, "geometry": { "type": "Point", "coordinates": [ -106.596433, 35.126857 ] } }
{ "type": "Feature", "properties": { "participant # overall": "2025-748", "participant by year": "2025-205", "acreage": 0.0, "latitude": 35.114438, "longitude": -106.55354 }, "geometry": { "type": "Point", "coordinates": [ -106.55354, 35.114438 ] } }
{ "type": "Feature", "properties": { "participant # overall": "2025-749", "participant by year": "2025-206", "acreage": 0.0, "latitude": 35.186215, "longitude": -106.545297 }, "geometry": { "type": "Point", "coordinates": [ -106.545297, 35.186215 ] } }
{ "type": "Feature", "properties": { "participant # overall": "2025-750", "participant by year": "2025-207", "acreage": 0.0, "latitude": 35.122728, "longitude": -106.546659 }, "geometry": { "type": "Point", "coordinates": [ -106.546659, 35.122728 ] } }
{ "type": "Feature", "properties": { "participant # overall": "2025-751", "participant by year": "2025-208", "acreage": 0.0, "latitude": 35.125308, "longitude": -106.511024 }, "geometry": { "type": "Point", "coordinates": [ -106.511024, 35.125308 ] } }
{ "type": "Feature", "properties": { "participant # overall": "2025-752", "participant by year": "2025-209", "acreage": 0.0, "latitude": 35.12383, "longitude": -106.500063 }, "geometry": { "type": "Point", "coordinates": [ -106.500063, 35.12383 ] } }
{ "type": "Feature", "properties": { "participant # overall": "2025-753", "participant by year": "2025-210", "acreage": 0.0, "latitude": 35.120815, "longitude": -106.67817 }, "geometry": { "type": "Point", "coordinates": [ -106.67817, 35.120815 ] } }
{ "type": "Feature", "properties": { "participant # overall": "2025-754", "participant by year": "2025-211", "acreage": 0.0689, "latitude": 35.082791, "longitude": -106.612314 }, "geometry": { "type": "Point", "coordinates": [ -106.612314, 35.082791 ] } }
};